/"3310231301";"Amande";"2";"0";"5";"22"/
/"0911219764";"Gaia 1";"2";"0";"5";"19"/
/"3212513733";"Hippie";"2";"0";"5";"39"/
/"3310311204";"Carline";"2";"0";"5";"22"/
/"3310388795";"Manon";"2";"0";"5";"24"/
/"3310419137";"Douine";"2";"0";"5";"12"/
/"3310424455";"Elsa";"2";"0";"5";"20"/
/"3310424457";"Excelle";"2";"1";"5";"38"/
/"3310428933";"Emeraude";"2";"0";"5";"24"/
/"3310428938";"Elegante";"2";"0";"5";"20"/
/"3310456311";"Flora";"2";"0";"5";"38"/
/"3310456312";"Galoe";"2";"0";"5";"22"/
/"3310456313";"Gajoue";"2";"0";"5";"22"/
/"3310456315";"Ginon";"2";"0";"5";"40"/
/"3310456316";"Garone";"2";"0";"5";"37"/
/"3310456317";"Galon";"1";"0";"5";"24"/
/"3310456318";"Gargale";"2";"0";"5";"37"/
/"3310460886";"Ivresse";"2";"0";"5";"232"/
/"3310498577";"Indienne";"2";"0";"5";"29"/
/"3310499703";"Giroflee";"2";"0";"5";"3"/
/"3310499704";"Hortune";"2";"0";"5";"21"/
/"3310500524";"Surprise";"2";"0";"5";"20"/
/"3310505723";"Hector";"1";"1";"5";"3"/
/"3310507511";"Joueuse";"2";"0";"5";"20"/
/"3310509704";"Imagine";"2";"0";"5";"15"/
/"3310509705";"Julian";"1";"0";"5";"9"/
/"3310509707";"Jiorne";"2";"1";"5";"43"/
/"3310512657";"Isis";"2";"0";"5";"21"/
/"3310534406";"Jachaire";"2";"0";"5";"458"/
/"3320493134";"Estuaire";"2";"0";"5";"460"/
/"3320513246";"Gironde";"2";"0";"5";"29"/
/"3320530430";"Iondalar";"1";"1";"5";"29"/
/"3320537232";"Jalle";"2";"0";"5";"29"/
/"3330161710";"Ciorne";"2";"0";"5";"7"/
/"3330161752";"Deesse";"2";"0";"5";"12"/
/"3330209787";"Jeunette";"2";"0";"5";"2"/
/"3340013780";"Diane";"2";"1";"5";"31"/
/"3340021730";"Edouard";"1";"1";"5";"12"/
/"3340021732";"Ellebore";"2";"0";"5";"28"/
/"3340021745";"Fitnes";"1";"0";"5";"20"/
/"3340021749";"Galinette";"2";"0";"5";"27"/
/"3340024645";"Ficaire";"2";"0";"5";"169"/
/"3340024646";"Frenette";"2";"1";"5";"13"/
/"3340024647";"Fillette";"2";"0";"5";"13"/
/"3340024656";"Gamine";"2";"0";"5";"20"/
/"3340024658";"Irvin";"1";"0";"5";"458"/
/"3340024659";"Iphigenie";"2";"0";"5";"9"/
/"3340024660";"Inesse";"2";"0";"5";"29"/
/"3340024661";"Irchie";"2";"1";"5";"12"/
/"3340024662";"Ialine";"2";"0";"5";"232"/
/"3340024663";"Jasmine";"2";"0";"5";"15"/
/"3340026030";"Galiurn";"2";"0";"5";"460"/
/"3340026033";"Hulule";"2";"0";"5";"13"/
/"3340026034";"Hermine";"2";"0";"5";"13"/
/"3340026500";"Jonquille";"2";"0";"5";"20"/
/"3340026501";"Gaia 2";"2";"0";"5";"20"/
/"3340026503";"Jadis";"2";"0";"5";"20"/
/"3340027171";"Justesse";"2";"0";"5";"42"/
/"4004319314";"Joli cœur";"2";"0";"5";"37"/
/"4430081038";"Ivanea";"2";"0";"5";"23"/
/"4430085978";"Elvina";"2";"0";"5";"54"/
/"4490806168";"Isa-Bella";"2";"0";"5";"464"/
/"4728001397";"Irlande";"2";"0";"5";"27"/
/"6411459213";"Burgala";"2";"1";"5";"36"/
/"6411817452";"Bibane";"2";"0";"5";"4"/
/"6411866604";"Dulcania";"2";"1";"5";"36"/
/"6411873308";"BPN";"2";"0";"5";"32"/
/"6412078195";"Carmelite";"2";"0";"5";"6"/
/"6412211159";"Estelle";"2";"0";"5";"39"/
/"6412230743";"Eysine";"2";"0";"5";"29"/
/"6412259719";"Vola-Maria";"2";"0";"5";"32"/
/"6412259724";"Capucine";"2";"0";"5";"32"/
/"6412803610";"Farou";"2";"0";"5";"20"/
/"6412803612";"Fabiola";"2";"0";"5";"20"/
/"6412891148";"Gueolaille";"2";"0";"5";"6"/
/"6412891150";"Girondine";"2";"0";"5";"6"/
/"6412936503";"Genie";"2";"0";"5";"34"/
/"6412936506";"Geraldine";"2";"0";"5";"34"/
/"6413033696";"Illac";"2";"0";"5";"6"/
/"6413161370";"Grenadine";"2";"0";"5";"10"/
/"6413161374";"Hirondelle";"2";"0";"5";"82"/
/"6414088741";"Helianteme";"2";"0";"5";"32"/
/"4730001593";"Luciole";"2";"0";"5";"3"/
/"6414554071";"Judith";"2";"0";"5";"3"/
/"4729000084";"Jahil";"2";"0";"5";"4"/
/"3320525171";"Helios";"1";"0";"5";"4"/
/"3310534407";"Licorne";"2";"0";"5";"7"/
/"3340027173";"Louin";"3";"0";"5";"12"/
/"3340027174";"Luchini";"3";"0";"5";"20"/
/"3330216368";"Libellule";"2";"0";"5";"43"/
/"3310498578";"Juvamine";"2";"0";"5";"35"/
/"3340026505";"Lagertha";"2";"0";"5";"20"/
/"3340026506";"Lekinder";"1";"1";"5";"20"/
/"3340026507";"Lucile";"2";"0";"5";"20"/
/"3330207207";"7207";"1";"0";"5";"21"/
/"3330207206";"Janv";"1";"0";"5";"21"/
/"3330207208";"Louane";"2";"0";"5";"12"/
/"3330189330";"Hermynie";"2";"0";"5";"21"/
/"3330189355";"Mère Liane";"2";"0";"5";"21"/
/"3330207209";"Liane";"2";"0";"5";"13"/
/"3330189295";"Borde";"2";"0";"5";"21"/
/"3310539185";"Jesse";"2";"0";"5";"22"/
/"3310539187";"Jyga";"2";"0";"5";"463"/
/"3310539189";"Josse";"2";"0";"5";"22"/
/"3310500517";"Galaxie";"2";"0";"5";"22"/
/"4490806228";"Laguna";"2";"0";"5";"23"/
/"3310512670";"Melusine";"2";"0";"5";"27"/
/"3330212718";"Leopard";"1";"1";"5";"12"/
/"3310545565";"Litchi";"2";"0";"5";"169"/
/"3320531571";"Johee";"2";"0";"5";"33"/
/"3310534409";"Lumiere";"2";"0";"5";"458"/
/"3310534410";"Lisiaire";"2";"0";"5";"5"/
/"3310424459";"Festa";"2";"0";"5";"37"/
/"4004319316";"Jupiter 4";"1";"0";"5";"37"/
/"4004380841";"Koquette";"2";"0";"5";"37"/
/"3310539188";"Jacouly";"1";"0";"5";"38"/
/"3310533422";"Kanaillout";"2";"0";"5";"21"/
/"4729001491";"Jango";"1";"0";"5";"31"/
/"3310527808";"Jolietaupe";"2";"0";"5";"31"/
/"3310527809";"Jade";"2";"0";"5";"35"/
/"3310545515";"Quinoa";"2";"0";"5";"31"/
/"3310527811";"Jasmine 2";"2";"0";"5";"31"/
/"3320537235";"Jig";"2";"0";"5";"29"/
/"3320537236";"Junon";"2";"0";"5";"29"/
/"3320537241";"Jarilo";"2";"0";"5";"29"/
/"3320537242";"Joconde";"2";"0";"5";"35"/
/"3320537243";"Jaguar";"2";"1";"5";"29"/
/"3320537248";"Jarouille";"2";"0";"5";"29"/
/"3320537255";"Jourdenne";"2";"0";"5";"29"/
/"3320524292";"Hourtin";"2";"0";"5";"29"/
/"3320537256";"Jamaique";"2";"0";"5";"29"/
/"3320513233";"Garonne";"2";"0";"5";"29"/
/"3310536010";"Livenne";"2";"0";"5";"29"/
/"3310536011";"Lord";"1";"0";"5";"29"/
/"3310536016";"Libourne";"1";"0";"5";"43"/
/"3310419135";"Sans nom 3";"1";"0";"5";"12"/
/"3310110504";"Jupiter 2";"3";"0";"5";"459"/
/"3310414449";"Danette";"2";"0";"5";"22"/
/"3310456310";"Fulka";"2";"0";"5";"22"/
/"3310544805";"Liesse";"2";"0";"5";"54"/
/"3310544806";"Line";"2";"0";"5";"38"/
/"3310544807";"Luchi";"1";"0";"5";"2"/
/"3330216077";"Lalanne";"2";"0";"5";"54"/
/"4724009514";"Lascar";"1";"0";"5";"169"/
/"4730001600";"Linotte";"2";"0";"5";"3"/
/"6414536215";"Messe";"2";"0";"5";"6"/
/"3310105662";"Lena";"2";"0";"5";"232"/
/"3310549053";"Luna";"2";"0";"5";"9"/
/"3330219060";"Mistinguet";"2";"0";"5";"13"/
/"3330219061";"Mirette";"2";"0";"5";"13"/
/"2405487700";"Marouchka";"2";"0";"5";"15"/
/"2405487701";"Melopee";"2";"0";"5";"15"/
/"3310550266";"Lovely";"2";"0";"5";"455"/
/"3310550271";"Marguerite";"2";"0";"5";"20"/
/"3340018999";"Juliette";"2";"0";"5";"21"/
/"3310505724";"Heidi";"2";"0";"5";"28"/
/"3330216076";"La Borde";"2";"0";"5";"21"/
/"3330216078";"Lalim";"2";"0";"5";"21"/
/"6414574540";"Leo";"1";"0";"5";"22"/
/"3330217138";"Liette";"2";"0";"5";"24"/
/"3310512662";"Iane";"2";"0";"5";"26"/
/"4724009515";"Lalou";"2";"0";"5";"438"/
/"6414300562";"Nubleta";"2";"0";"5";"32"/
/"2405453095";"Samoussa";"2";"0";"5";"35"/
/"4004380842";"Melissa";"2";"0";"5";"37"/
/"3310536025";"Lisle";"2";"0";"5";"29"/
/"3310536027";"Libourne";"2";"0";"5";"29"/
/"3310549535";"Medoc";"2";"0";"5";"29"/
/"3310549540";"Mascaret";"2";"0";"5";"29"/
/"3310552319";"Marguerite";"2";"0";"5";"38"/
/"3310552318";"Mimosa";"2";"0";"5";"38"/
/"3310551679";"Leeloo";"2";"0";"5";"28"/
/"3310551690";"Mazarine";"2";"0";"5";"457"/
/"3310551691";"Mystere";"1";"1";"5";"5"/
/"3310551693";"Mangue";"2";"1";"5";"5"/
/"3310544809";"Meknes";"3";"0";"5";"12"/
/"3310551703";"Marvin";"3";"0";"5";"54"/
/"3310544808";"Maroni";"3";"0";"5";"54"/
/"3310551704";"Malouine";"1";"0";"5";"60"/
/"3330198649";"Muscari";"1";"0";"5";"29"/
/"3310551428";"Mercure";"1";"0";"5";"54"/
/"3310551695";"Nolan";"1";"1";"5";"54"/
/"3310551696";"Neptune";"1";"0";"5";"54"/
/"3310564296";"Nitraire";"1";"1";"5";"169"/
/"3310564297";"Naire";"1";"0";"5";"169"/
/"3310551705";"Niocchi";"1";"1";"5";"12"/
/"3310550277";"Nesquick (Guenon)";"1";"1";"5";"20"/
/"3310550278";"Nestle";"1";"1";"5";"20"/
/"3310550280";"Nirvana";"1";"1";"5";"20"/
/"3310550279";"Nevada";"1";"1";"5";"20"/
/"3330228821";"Napolitain";"3";"0";"5";"20"/
/"3310551429";"Minos";"3";"0";"5";"54"/
/"3330228389";"Niet";"1";"1";"5";"13"/
/"3330228380";"Nostress";"1";"1";"5";"13"/
/"4730024301";"Mars";"3";"0";"5";"4"/
/"3310550272";"Moustik";"1";"0";"5";"23"/
/"3310551683";"Lenine";"1";"0";"5";"28"/
/"4730007232";"Marquis";"1";"0";"5";"40"/
/"3330222782";"Medius";"1";"0";"5";"13"/
/"3330222781";"Medule";"1";"0";"5";"13"/
/"3330222806";"Maori";"1";"1";"5";"13"/
/"3320553186";"Marquisett";"2";"0";"5";"2"/
/"4730001607";"Melodie";"2";"0";"5";"3"/
/"4730007981";"Mesange";"2";"0";"5";"3"/
/"4730015952";"Mingue";"1";"0";"5";"3"/
/"3310551694";"Moutchie";"2";"0";"5";"438"/
/"6414574543";"Kaoline";"2";"0";"5";"6"/
/"6414574544";"Kilt";"2";"0";"5";"6"/
/"6414536227";"Marée";"2";"1";"5";"6"/
/"6414536232";"Manata";"2";"1";"5";"6"/
/"6414536233";"Mohair";"2";"1";"5";"6"/
/"6414536234";"Missel";"2";"0";"5";"6"/
/"3310460885";"Melchior";"3";"0";"5";"7"/
/"3310560239";"Marguerite 4";"2";"0";"5";"8"/
/"3310560240";"Mirabelle 2";"2";"0";"5";"8"/
/"4004385716";"Lisette";"2";"0";"5";"10"/
/"3330222804";"Matrone";"2";"0";"5";"13"/
/"3310560259";"Mousseline";"2";"0";"5";"17"/
/"3310550276";"Masma";"2";"0";"5";"20"/
/"3330223377";"Dorine";"2";"0";"5";"21"/
/"3330223378";"Oeil Bleu";"2";"0";"5";"21"/
/"3330223380";"Blanche";"2";"1";"5";"21"/
/"3330223385";"Bord 2";"2";"0";"5";"21"/
/"3310539190";"Louane 2";"2";"1";"5";"22"/
/"4490806272";"Mindiana";"2";"0";"5";"23"/
/"4490806274";"Magniolia";"2";"0";"5";"23"/
/"4490806288";"Melvina";"2";"0";"5";"23"/
/"4490806286";"Miranda";"2";"0";"5";"23"/
/"4490806298";"Marina";"2";"0";"5";"23"/
/"3330212723";"Lanterne";"2";"0";"5";"24"/
/"3310562837";"Ynola";"2";"1";"5";"24"/
/"3310546948";"6948";"2";"0";"5";"26"/
/"3310546950";"6950";"2";"0";"5";"26"/
/"3310557980";"Sans nom 7";"2";"0";"5";"26"/
/"1744340287";"Moufflette";"2";"0";"5";"34"/
/"1744340289";"Marquise";"2";"0";"5";"34"/
/"2405453097";"Mayo";"2";"0";"5";"35"/
/"4004380843";"Mascarade";"2";"0";"5";"37"/
/"4004406218";"Marquise 2";"2";"0";"5";"169"/
/"3310460813";"Fidèle";"2";"1";"5";"24"/
/"3310549537";"Machupichu";"2";"0";"5";"29"/
/"3310549554";"Margaux";"2";"0";"5";"29"/
/"3320561000";"Marée 2";"2";"0";"5";"29"/
/"3320561003";"Macau";"2";"0";"5";"29"/
/"3215114621";"Nadia 2";"2";"0";"5";"39"/
/"3310533423";"Kality";"2";"1";"5";"28"/
/"3310549608";"Karamelle";"2";"1";"5";"28"/
/"3310549609";"Kraquante";"2";"1";"5";"28"/
/"3310549610";"Kermite";"2";"1";"5";"28"/
/"3310551680";"Lilas 2";"2";"1";"5";"28"/
/"3310551681";"Lizeron";"2";"0";"5";"28"/
/"33100545520";"Karine";"2";"1";"5";"31"/
/"3310545517";"Linda";"2";"0";"5";"31"/
/"3310545518";"Sans nom 8";"1";"0";"5";"31"/
/"3310006218";"Tourterelle";"2";"0";"6";"51"/
/"3310052861";"Ballus";"1";"0";"6";"48"/
/"3310088030";"Fragon";"1";"0";"6";"50"/
/"3310100051";"Valentine";"2";"0";"6";"46"/
/"3310100393";"Chataigne";"2";"0";"6";"53"/
/"3310174957";"Lobélie";"2";"0";"6";"50"/
/"3310174959";"Bécassine";"2";"0";"6";"51"/
/"3310195031";"Monchinette";"2";"0";"6";"46"/
/"3310195032";"Aigrette";"2";"0";"6";"53"/
/"3310195033";"Epeire";"2";"0";"6";"45"/
/"3310313039";"Nèfle";"2";"0";"6";"46"/
/"3310394359";"Diva";"2";"0";"6";"47"/
/"3310399681";"Erica";"2";"0";"6";"53"/
/"3310399682";"Gentiane";"2";"1";"6";"53"/
/"3310399686";"Bourdaine";"2";"0";"6";"53"/
/"3310403826";"Epilobe";"2";"0";"6";"44"/
/"3310429960";"Tempête";"2";"0";"6";"46"/
/"3310429961";"Fougère de Cousseau";"2";"0";"6";"44"/
/"3310429963";"Eglantine";"2";"0";"6";"52"/
/"3310507202";"Vacca";"2";"0";"6";"45"/
/"3310507204";"Pilulaire";"2";"0";"6";"52"/
/"3310507206";"Bleue béatrice";"2";"0";"6";"45"/
/"3310510831";"Frelon";"1";"1";"6";"46"/
/"3310510832";"Argyronète";"2";"0";"6";"44"/
/"3310510834";"Bleu Pietro";"1";"0";"6";"53"/
/"3310510835";"Rose Faskia";"2";"0";"6";"53"/
/"3310510836";"Rose d Avril";"2";"0";"6";"53"/
/"3310510837";"Spatule";"2";"0";"6";"53"/
/"3310510839";"Christelle";"2";"0";"6";"53"/
/"3310511070";"Julo (de Bred)";"1";"1";"6";"49"/
/"3310516326";"Ischnura";"2";"0";"6";"50"/
/"3310516327";"Inachis";"1";"0";"6";"48"/
/"3310516328";"Jynx";"1";"0";"6";"53"/
/"3310516330";"Jonquille";"2";"0";"6";"52"/
/"3310519151";"Vulcain";"2";"0";"6";"53"/
/"3310519152";"Jouee de Bred";"2";"0";"6";"51"/
/"3310523166";"Genette";"2";"0";"6";"49"/
/"3310523168";"Renard";"3";"0";"6";"49"/
/"3310523169";"Belette";"2";"0";"6";"53"/
/"3310523170";"Martre";"2";"0";"6";"53"/
/"3310523171";"Fouine";"2";"0";"6";"44"/
/"3310523172";"Molinette";"2";"0";"6";"53"/
/"3310523173";"Tranquility";"2";"0";"6";"44"/
/"3310530194";"Jacinthe";"2";"0";"6";"51"/
/"3340007811";"Rosita";"2";"0";"6";"53"/
/"3340013015";"Osmonde";"2";"0";"6";"52"/
/"3340013017";"Carte géographique";"2";"0";"6";"53"/
/"3340018075";"Salicaire";"2";"0";"6";"45"/
/"3340018986";"Guanaca";"2";"0";"6";"53"/
/"3340018987";"Cettia";"2";"0";"6";"45"/
/"3340018988";"Fulca";"2";"0";"6";"48"/
/"3340018989";"Fauvette";"2";"0";"6";"44"/
/"3340018991";"Flora";"2";"0";"6";"45"/
/"3340018992";"Fougère de Bruges";"2";"0";"6";"53"/
/"3340024040";"Bécasse";"2";"0";"6";"45"/
/"3340024041";"Libellule";"2";"0";"6";"45"/
/"3340024042";"Lise Rose";"2";"0";"6";"44"/
/"3340024044";"Cistude";"2";"0";"6";"49"/
/"3340024045";"Grue";"2";"0";"6";"44"/
/"3340024046";"Roselyne";"2";"0";"6";"44"/
/"3340024047";"Rose-Marie";"2";"0";"6";"53"/
/"3340024048";"Hirondelle de Cousseau";"2";"0";"6";"25"/
/"3340025631";"Garzette";"2";"0";"6";"45"/
/"3340025633";"Gesse";"2";"0";"6";"50"/
/"3340025638";"Ibis";"1";"0";"6";"53"/
/"3340025639";"Iris";"2";"0";"6";"53"/
/"4004294145";"Latapy";"2";"0";"6";"51"/
/"4004294149";"Gentiane 2";"2";"1";"6";"53"/
/"4004334487";"Chloe";"2";"0";"6";"53"/
/"4004334488";"Ossifrage";"2";"0";"6";"53"/
/"4004334907";"Anguille";"2";"0";"6";"50"/
/"4004334908";"Los";"1";"0";"6";"53"/
/"4004334909";"Palombe";"2";"0";"6";"52"/
/"4004366172";"Drosera";"2";"0";"6";"53"/
/"4004366173";"Bise";"2";"0";"6";"53"/
/"4004366174";"Epervier";"3";"0";"6";"51"/
/"4004366175";"Dune";"2";"0";"6";"53"/
/"3310532743";"James rose";"1";"0";"6";"51"/
/"3310532744";"Sarcelle II";"2";"0";"6";"53"/
/"3310532745";"Sittelle";"2";"0";"6";"53"/
/"3310532748";"Huppe";"2";"0";"6";"44"/
/"3310539898";"Bergeronnette";"2";"0";"6";"44"/
/"3310530200";"Loutre";"2";"1";"6";"46"/
/"4004379514";"Forges";"2";"0";"6";"53"/
/"4004379515";"Trèfle d eau";"1";"0";"6";"53"/
/"4004366176";"Sable";"1";"0";"6";"46"/
/"3310539902";"Massette";"2";"0";"6";"52"/
/"3310539903";"Tibellus";"2";"0";"6";"44"/
/"3310539904";"Dolomedes";"2";"0";"6";"44"/
/"3310530201";"Linaire";"2";"0";"6";"53"/
/"3310547387";"Linotte";"2";"0";"6";"52"/
/"3310539899";"Echasse";"2";"0";"6";"44"/
/"3310546219";"Petite Fleur";"2";"0";"6";"44"/
/"3310546221";"Luciole";"2";"0";"6";"44"/
/"3310546222";"Cetti";"2";"0";"6";"53"/
/"3310546224";"Ecorce";"2";"0";"6";"46"/
/"3310546225";"Mousse";"2";"0";"6";"44"/
/"3310546228";"Callitriche";"2";"0";"6";"52"/
/"3310546226";"Lune";"2";"0";"6";"52"/
/"3310546231";"Calamite";"1";"0";"6";"49"/
/"3310547388";"Louve";"2";"0";"6";"53"/
/"3310547390";"Mouette";"2";"0";"6";"53"/
/"3310547391";"Mauve";"2";"0";"6";"53"/
/"3310547392";"Mésange";"2";"0";"6";"52"/
/"4004379516";"Phragmite";"2";"0";"6";"53"/
/"4004379517";"Fadet";"3";"0";"6";"53"/
/"4004379518";"Hélène";"2";"0";"6";"51"/
/"4004379519";"Ménélas";"3";"0";"6";"53"/
/"4004379520";"Moïsan";"1";"1";"6";"53"/
/"4004379521";"Escource";"1";"0";"6";"53"/
/"4004379522";"Tourbe";"2";"0";"6";"53"/
/"4004379523";"Flèche";"2";"0";"6";"51"/
/"3310551491";"Mendoza";"3";"0";"6";"51"/
/"3310551492";"Martin";"3";"0";"6";"51"/
/"3310546233";"Julia Rose";"2";"0";"6";"44"/
/"3310553908";"Royale";"2";"0";"6";"44"/
/"3310553912";"Loutre de Cousseau";"2";"0";"6";"52"/
/"3310553906";"Muscadelle";"2";"0";"6";"52"/
/"3310553907";"Vigne";"2";"0";"6";"45"/
/"3310553914";"Ronce";"2";"0";"6";"46"/
/"3310553915";"Hottonie";"2";"1";"6";"52"/
/"3310537633";"Lullaby";"2";"0";"6";"46"/
/"3310547038";"Moon";"2";"0";"6";"54"/
/"4004402289";"FDC 2016 A";"3";"0";"6";"53"/
/"4004402290";"Rousserole";"2";"0";"6";"53"/
/"4004402291";"FDC 2016 B";"3";"0";"6";"53"/
/"4004402283";"FDC 2016 C";"3";"0";"6";"53"/
/"4004402285";"FDC 2016 D";"3";"0";"6";"53"/
/"4004413468";"FDC 2016 E";"3";"0";"6";"53"/
/"4004402286";"FDC 2016 F";"3";"0";"6";"53"/
/"4004402287";"Natacha";"2";"0";"6";"53"/
/"4004402288";"FDC 2016 G";"3";"0";"6";"53"/
/"4004402284";"Mohican";"3";"0";"6";"51"/
/"4004402282";"Mohawk";"3";"0";"6";"51"/
/"3310560838";"Nectar";"3";"0";"6";"50"/
/"3310551493";"Nenuphar";"1";"0";"6";"49"/
/"3310564443";"Narcisse";"1";"1";"6";"50"/
/"3310547394";"Mélitée";"2";"0";"6";"52"/
/"3310561659";"Nymphéa";"2";"1";"6";"52"/
/"3310561661";"Noctule";"2";"0";"6";"52"/
/"3310547393";"Musaraigne";"2";"0";"6";"46"/
/"3310547395";"Mulot";"1";"0";"6";"49"/
/"3310547396";"Lamproie";"2";"0";"6";"46"/
/"3310561660";"Nénuphar";"1";"1";"6";"46"/
/"4004294147";"Dou Termy";"3";"0";"6";"53"/
/"4004294148";"Hauchon";"3";"0";"6";"53"/
/"4004334489";"Bernin";"3";"0";"6";"53"/
/"4004334905";"Estrigon";"3";"0";"6";"53"/
/"4004334906";"Vignacq";"3";"0";"6";"53"/
/"3310551490";"Marouette";"2";"1";"6";"53"/
/"3310523174";"Urbain";"1";"0";"6";"48"/
/"6404615847";"Occitane";"2";"0";"19";"85"/
/"6411121843";"Ondine";"2";"0";"19";"82"/
/"6411024760";"Orionaa";"2";"0";"19";"81"/
/"3310091322";"Reinette";"2";"0";"19";"14"/
/"6411250965";"Soumette";"2";"0";"19";"81"/
/"6411179764";"Mignounno";"2";"0";"19";"78"/
/"6411250966";"Saoubiste";"2";"0";"19";"81"/
/"6411250971";"Sourdaa";"2";"0";"19";"81"/
/"4632974022";"Tirouette";"2";"0";"19";"78"/
/"6411312409";"Tempête";"2";"0";"19";"69"/
/"6411250978";"Tortora";"2";"0";"19";"81"/
/"6411381649";"Tourziotte";"2";"0";"19";"81"/
/"6411381651";"Trangada";"2";"0";"19";"81"/
/"6411802917";"Palette";"2";"0";"19";"78"/
/"6411381654";"Marie";"2";"0";"19";"78"/
/"4632974032";"Urtine";"2";"0";"19";"62"/
/"6411350558";"Houchette";"2";"0";"19";"66"/
/"6411544744";"Valérie";"2";"0";"19";"85"/
/"6411532021";"Barouse";"2";"0";"19";"75"/
/"6411601612";"Volige";"2";"0";"19";"89"/
/"6411601616";"Vachette";"2";"0";"19";"85"/
/"6411554668";"Valide";"2";"0";"19";"85"/
/"6411498623";"Valentine";"2";"0";"19";"78"/
/"4632974030";"Amaguy";"2";"0";"19";"77"/
/"6411691618";"Alouette";"2";"0";"19";"129"/
/"6411554676";"Abasque";"2";"0";"19";"70"/
/"6411628629";"Anisette";"2";"0";"19";"82"/
/"4632974039";"Baguy";"2";"0";"19";"85"/
/"6411648405";"Bladette";"2";"0";"19";"82"/
/"6411684558";"Palette";"2";"0";"19";"72"/
/"6411716022";"Couloume";"2";"0";"19";"82"/
/"6411713110";"3110";"2";"0";"19";"85"/
/"3310404823";"Clémence - Aspe";"2";"0";"19";"53"/
/"6411763717";"Cornaluda";"2";"0";"19";"82"/
/"6412021147";"Houche";"2";"0";"19";"64"/
/"6412028416";"Crimalh";"2";"0";"19";"82"/
/"6411886496";"Carlita";"2";"0";"19";"131"/
/"6412158572";"Delisa";"2";"0";"19";"71"/
/"4004202415";"Djinn";"2";"0";"19";"14"/
/"6413617272";"Delphine";"2";"0";"19";"63"/
/"6413617275";"Dany";"2";"0";"19";"76"/
/"6412057839";"Docina";"2";"0";"19";"81"/
/"6412057841";"Dgenola";"2";"0";"19";"81"/
/"6412091039";"Parouquett";"2";"0";"19";"75"/
/"6412184918";"Eleis";"2";"0";"19";"75"/
/"6412271380";"Ecoute - Kattalin";"2";"0";"19";"88"/
/"6412802785";"Eve";"2";"0";"19";"129"/
/"6412180729";"Estella";"2";"0";"19";"81"/
/"6412845376";"Foudre";"2";"0";"19";"69"/
/"6412118701";"Fenoulhet";"2";"0";"19";"85"/
/"3340021982";"Fliscade";"2";"0";"19";"85"/
/"6412180733";"Florina";"2";"0";"19";"81"/
/"6412874324";"Frinestou";"2";"0";"19";"84"/
/"6412180736";"Friponeta";"2";"0";"19";"81"/
/"6412825529";"Frasque";"2";"0";"19";"70"/
/"6412293162";"Fayous";"2";"0";"19";"67"/
/"6412949945";"Floreta";"2";"0";"19";"82"/
/"6412951173";"Furette";"2";"0";"19";"74"/
/"4004202421";"4004202421";"2";"0";"19";"14"/
/"3340021988";"Gentille";"2";"0";"19";"85"/
/"6414033110";"Fiona";"2";"0";"19";"71"/
/"6412886281";"6412886281";"1";"0";"19";"85"/
/"6411553859";"Goutet - Luzia";"2";"0";"19";"88"/
/"6414046522";"Gabarre";"2";"0";"19";"83"/
/"6414035105";"Gaujosa";"2";"0";"19";"81"/
/"6414074653";"Gabe";"2";"0";"19";"74"/
/"6414046545";"Hade";"2";"0";"19";"64"/
/"6414081063";"Houline";"2";"0";"19";"89"/
/"3310501507";"Harde - Bruyere";"2";"0";"19";"53"/
/"3310524611";"Harpie";"2";"0";"19";"85"/
/"6414070770";"Hadet";"2";"0";"19";"82"/
/"4430086098";"Héléna";"2";"0";"19";"23"/
/"6414053444";"Houndorbe";"1";"0";"19";"85"/
/"6414104769";"6414104769";"2";"0";"19";"75"/
/"6414060324";"Beroja";"2";"0";"19";"65"/
/"6414082756";"Hedda";"2";"0";"19";"62"/
/"6413082905";"Houche";"2";"0";"19";"16"/
/"3213331515";"Hesta";"2";"0";"19";"58"/
/"6411768161";"Ictoire";"2";"0";"19";"85"/
/"3310524616";"Irenée";"2";"0";"19";"85"/
/"6414172978";"Irta";"2";"0";"19";"74"/
/"6414143126";"Ida";"2";"0";"19";"62"/
/"6414141754";"Iris";"2";"0";"19";"71"/
/"6414035116";"Immortela";"2";"0";"19";"81"/
/"6414119524";"Simmental";"2";"0";"19";"85"/
/"6414143221";"Marinalena";"2";"0";"19";"65"/
/"6413383703";"Ichère";"2";"0";"19";"62"/
/"6414209772";"Ihoulh";"2";"0";"19";"64"/
/"6414204697";"Joia";"2";"0";"19";"73"/
/"3214323496";"Jonquille";"2";"0";"19";"73"/
/"6414172385";"Joubarde";"2";"0";"19";"62"/
/"6414204700";"Joquetot";"1";"0";"19";"85"/
/"6414204701";"Joeneta";"2";"0";"19";"81"/
/"6414294703";"Julia";"2";"0";"19";"71"/
/"6414085851";"Jambete";"2";"0";"19";"86"/
/"6414204703";"Jaubela";"2";"0";"19";"82"/
/"6414119528";"Jolie";"2";"0";"19";"85"/
/"6414265902";"Jabe";"2";"0";"19";"74"/
/"6414265903";"Jurée";"2";"0";"19";"74"/
/"6414119529";"Jougadou";"1";"0";"19";"12"/
/"6414279425";"6414279425";"2";"0";"19";"75"/
/"6413383707";"Justine";"2";"0";"19";"89"/
/"6414134869";"Amapola";"2";"0";"19";"69"/
/"6414274244";"Jilou";"2";"0";"19";"64"/
/"6414274245";"Jaubisque";"2";"0";"19";"64"/
/"6414099754";"Jekaterina - Joyeuse";"2";"0";"19";"128"/
/"6414256479";"Jirouette";"2";"0";"19";"78"/
/"6414204705";"Luminosa";"2";"0";"19";"82"/
/"6414134870";"Ela";"2";"0";"19";"69"/
/"6414287724";"Léa";"2";"0";"19";"89"/
/"6414594695";"Hypo";"2";"0";"19";"128"/
/"6414301747";"Laouline";"2";"0";"19";"80"/
/"6414320947";"Lolita";"2";"0";"19";"130"/
/"6414323829";"Croisée";"2";"0";"19";"75"/
/"6414204710";"Lusqueta";"2";"0";"19";"82"/
/"6414204711";"Lutaira";"2";"0";"19";"81"/
/"6414289900";"Ludjaia";"2";"0";"19";"82"/
/"6414341576";"Luzein";"1";"0";"19";"74"/
/"6414289902";"Layeta";"2";"0";"19";"82"/
/"6414134871";"Chouia";"2";"0";"19";"69"/
/"4004392047";"Silice";"2";"0";"19";"53"/
/"6414355232";"Lossaloise";"2";"0";"19";"89"/
/"6414204714";"Lua";"2";"0";"19";"82"/
/"6413233646";"Laura";"2";"0";"19";"62"/
/"6414355238";"Leouyere";"2";"0";"19";"89"/
/"6414367549";"Labe";"2";"0";"19";"74"/
/"6414369373";"Lutz";"2";"0";"19";"81"/
/"6414383113";"Mignoune";"2";"0";"19";"82"/
/"6413233647";"Maia";"2";"0";"19";"62"/
/"6414564356";"Mignoune";"2";"0";"19";"87"/
/"6414409211";"Manie - Mama";"2";"0";"19";"88"/
/"6414409212";"Mina - Patxa";"2";"0";"19";"88"/
/"6414333004";"Merise";"2";"0";"19";"85"/
/"6414369375";"Montanhola";"2";"0";"19";"79"/
/"6414410988";"Madelon";"2";"0";"19";"71"/
/"6414586270";"6414586270";"2";"0";"19";"85"/
/"6414407702";"Maria";"2";"0";"19";"65"/
/"6414369378";"Malinota";"2";"0";"19";"81"/
/"6414442760";"Murette";"2";"0";"19";"74"/
/"6414430252";"Moune";"2";"0";"19";"78"/
/"6414447543";"6414447543";"2";"0";"19";"73"/
/"6413233652";"Marguerite";"2";"0";"19";"62"/
/"6414586273";"6414586273";"2";"0";"19";"85"/
/"6414586274";"6414586274";"2";"0";"19";"85"/
/"6414686627";"Mabelle";"2";"0";"19";"62"/
/"6414376346";"Montagne";"2";"0";"19";"6"/
/"6414432803";"6414432803";"2";"0";"19";"64"/
/"6414369380";"Moundhela";"2";"0";"19";"81"/
/"6414369381";"Murgueta";"2";"0";"19";"81"/
/"4004392048";"Bruyere";"2";"0";"19";"53"/
/"6414442761";"Magda";"2";"0";"19";"74"/
/"3310560839";"Noisette";"2";"0";"6";"25"/
/"3310560840";"Nuage";"1";"0";"6";"51"/
/"3310564444";"Neflier";"3";"0";"6";"51"/
/"3310553916";"Mygale";"2";"0";"6";"45"/
/"3310553917";"Diégo";"1";"1";"6";"45"/
/"4004413469";"FDC 2017 1";"1";"0";"6";"53"/
/"4004413470";"FDC 2017 2";"1";"0";"6";"53"/
/"4004413471";"Vigne 2";"2";"0";"6";"53"/
/"4004413472";"FDC 2017 3";"1";"1";"6";"53"/
/"4004417318";"FDC 2017 4";"1";"0";"6";"53"/
/"4004417319";"Crevette";"2";"0";"6";"53"/
/"4004417322";"Aureilhan";"1";"0";"6";"53"/
/"4004417323";"Gaouchey";"1";"0";"6";"53"/
/"3310550704";"Nuggets";"1";"1";"6";"53"/
/"4004417321";"Pinede";"2";"0";"6";"53"/
/"6414481339";"Bouyette";"2";"0";"19";"68"/
/"6414766746";"Madelaine";"2";"0";"19";"92"/
/"6414403491";"Beroye";"2";"0";"19";"101"/
/"6414403493";"Esberude";"2";"0";"19";"101"/
/"6414403495";"Estelou";"2";"0";"19";"101"/
/"6414459324";"Nebade";"2";"0";"19";"105"/
/"6414596070";"Nina";"2";"0";"19";"100"/
/"6414212262";"Ossaloise";"2";"0";"19";"109"/
/"6414457026";"Nina";"2";"0";"19";"109"/
/"6411203434";"3434";"2";"0";"19";"119"/
/"6414556661";"Neschen";"2";"0";"19";"122"/
/"6414343377";"Melica";"2";"0";"19";"123"/
/"6413383704";"Arougette";"2";"0";"19";"127"/
/"6414626481";"6481";"2";"0";"19";"127"/
/"3310567249";"Liseron";"2";"0";"6";"52"/
/"3310560841";"Nardus";"1";"1";"6";"51"/
/"6414686222";"Nans";"1";"0";"5";"13"/
/"4490806391";"Malaga";"1";"1";"5";"23"/
/"3330228389";"Niet";"1";"1";"5";"13"/
/"3330228882";"Nankin";"1";"0";"5";"54"/
/"3330228883";"Nandini";"1";"1";"5";"12"/
/"3310556871";"Noblesse";"2";"0";"5";"54"/
/"3320561009";"Tite 2017";"1";"1";"5";"29"/
/"3330228824";"Neptune";"1";"0";"5";"20"/
/"3310551697";"Nynthe";"2";"0";"5";"2"/
/"3330229171";"Bord 9171";"2";"1";"5";"21"/
/"4730010988";"Boche 2017";"3";"0";"5";"4"/
/"3320561011";"Flageat 2017";"1";"1";"5";"29"/
/"4004417747";"Nimbus";"1";"0";"5";"37"/
/"3330229166";"Lalanne 2 2017";"1";"1";"5";"21"/
/"3330229168";"Lalanne 3 2017";"1";"1";"5";"21"/
/"3330230453";"Nestor";"1";"1";"5";"13"/
/"3330230452";"Noctambule";"1";"1";"5";"13"/
/"4004417743";"St Orens 2017";"1";"1";"5";"37"/
/"3320569290";"Nesquimau";"1";"1";"5";"2"/
/"4730028011";"Narco";"1";"0";"5";"54"/
/"3330228826";"Nounouille";"1";"1";"5";"20"/
/"3310561662";"Nèpe";"2";"0";"6";"46"/
/"3310561663";"Natrix";"1";"1";"6";"46"/
/"4004417324";"PIbale";"2";"0";"6";"53"/
/"4004417325";"Laouadie";"2";"0";"6";"53"/
/"4004417326";"Navarosse";"1";"0";"6";"53"/
/"4004417327";"Argeleres";"2";"0";"6";"53"/
/"4004431376";"Ispe";"2";"0";"6";"53"/
/"3310567622";"Ocean";"1";"0";"6";"51"/
/"3310551677";"FR 3310551677";"2";"0";"5";"22"/
/"3310394357";"Coquin";"1";"1";"5";"441"/
/"3310551670";"Mess";"2";"0";"5";"465"/
/"3320530427";"FR 3320530427";"1";"0";"5";"29"/
/"3320571045";"Nonette";"2";"0";"5";"2"/
/"4730033080";"Nimba";"2";"0";"5";"3"/
/"4730016091";"Narnia";"2";"0";"5";"3"/
/"4730026630";"Neo";"1";"0";"5";"4"/
/"4730026629";"Nikita";"2";"0";"5";"35"/
/"3320575410";"FR 3320575410";"1";"0";"5";"29"/
/"6414557925";"Nabila";"2";"0";"5";"6"/
/"3310565624";"Nabucho";"2";"0";"5";"7"/
/"3310560243";"Narcisse";"1";"0";"5";"232"/
/"3310560241";"Nerine";"2";"0";"5";"232"/
/"3310560242";"Negrette";"2";"0";"5";"232"/
/"3310561381";"FR 3310561381";"2";"1";"5";"11"/
/"3310532900";"GR50";"1";"0";"5";"11"/
/"3330228376";"Nuisette";"2";"0";"5";"13"/
/"3330230454";"Nougatine";"2";"0";"5";"13"/
/"2405640313";"Nefertiti";"2";"0";"5";"15"/
/"3310570645";"Noeline";"2";"0";"5";"17"/
/"3330228823";"Nebuleuse";"2";"0";"5";"20"/
/"3310550629";"Merlin";"3";"0";"5";"20"/
/"3330228825";"Nature";"2";"0";"5";"20"/
/"3330228828";"Nrs";"2";"0";"5";"20"/
/"3330229158";"20 avril";"2";"0";"5";"21"/
/"3330229173";"Bordelaise";"2";"0";"5";"21"/
/"3330229175";"Bordelaise";"2";"0";"5";"21"/
/"3330229176";"Dorine";"2";"0";"5";"21"/
/"3310551676";"FR 3310551676";"1";"0";"5";"22"/
/"3310551678";"FR 3310551678";"2";"0";"5";"22"/
/"3310567616";"Nokia";"2";"0";"5";"22"/
/"4490806348";"Noa-bella";"2";"0";"5";"23"/
/"4490806418";"Naoneda";"2";"0";"5";"23"/
/"3310569049";"Nashi";"3";"0";"5";"25"/
/"3310567597";"FR 3310567597";"2";"0";"5";"24"/
/"3310570666";"0666";"1";"0";"5";"26"/
/"4730015954";"Noiraude";"2";"0";"5";"27"/
/"4730028010";"Noisette";"2";"0";"5";"27"/
/"3310568522";"Nohee";"2";"0";"5";"33"/
/"4730028012";"Nala";"2";"0";"5";"462"/
/"1744340344";"Noblesse";"2";"0";"5";"34"/
/"3310551675";"Maline";"2";"0";"5";"26"/
/"3310551671";"Moss";"2";"0";"5";"26"/
/"4004406221";"FR 4004406221";"2";"0";"5";"37"/
/"4004426795";"Neige";"2";"0";"5";"37"/
/"4004417586";"FR 4004417586";"2";"0";"5";"37"/
/"4004417745";"FR 4004417745";"2";"0";"5";"37"/
/"4004417746";"Nebuleuse";"2";"0";"5";"37"/
/"3310536026";"FR 3310536026";"1";"0";"5";"29"/
/"3310549548";"FR 3310549548";"1";"0";"5";"29"/
/"3320561019";"FR 3320561019";"2";"1";"5";"29"/
/"3320561030";"FR 3320561030";"1";"1";"5";"29"/
/"3320561033";"Noblecoeur";"1";"1";"5";"29"/
/"3320561036";"FR 3320561036";"2";"1";"5";"29"/
/"3320575411";"FR 3320575411";"1";"0";"5";"29"/
/"3320561022";"Naiade";"2";"0";"5";"29"/
/"3320561037";"FR 3320561037";"2";"0";"5";"29"/
/"3310536030";"6030";"1";"0";"5";"29"/
/"3310549546";"9546";"1";"0";"5";"29"/
/"3310565512";"Niaouli";"2";"0";"5";"38"/
/"3310565513";"Noisette";"2";"0";"5";"38"/
/"3310569094";"Mister";"1";"0";"5";"28"/
/"3310569091";"Mirza";"2";"0";"5";"28"/
/"3310556249";"FR 3310556249";"1";"0";"5";"31"/
/"3310556243";"Julie";"2";"0";"5";"31"/
/"3310556247";"Nageuse";"2";"0";"5";"31"/
/"3310556244";"Nante";"2";"0";"5";"31"/
/"3310556245";"Nemie";"2";"0";"5";"31"/
/"3310562952";"Niagara";"2";"0";"5";"42"/
/"3340026502";"Jarl";"3";"0";"5";"20"/
/"4004431377";"Born";"1";"0";"6";"53"/
/"4004431378";"Montespade";"1";"0";"6";"53"/
/"4004431382";"Le Tuc";"1";"0";"6";"53"/
/"4004431383";"Loustalot";"1";"0";"6";"53"/
/"4004431379";"Aiguille";"2";"0";"6";"53"/
/"4004431380";"Bruine";"2";"0";"6";"53"/
/"4004431381";"Maguide";"2";"0";"6";"53"/
/"3310567250";"Grémillon";"1";"1";"6";"52"/
/"3310561664";"Orme";"1";"1";"6";"46"/
/"3310561665";"Osier";"1";"1";"6";"46"/
/"3310574307";"Aeschne";"2";"0";"6";"45"/
/"3310574308";"Demoiselle";"2";"0";"6";"45"/
/"3310574309";"Cordulie";"2";"0";"6";"45"/
/"3310574310";"Naiade";"2";"0";"6";"45"/
/"3310574311";"Anax";"1";"0";"6";"45"/
/"3310574312";"Tanche";"2";"0";"6";"45"/
/"3310574313";"Agrillon";"1";"0";"6";"45"/
/"3310574314";"Ablette";"2";"0";"6";"45"/
/"3310567624";"Ourson";"1";"0";"6";"51"/
/"3310564445";"Oyat";"1";"0";"6";"50"/
/"3310574315";"Zygo";"1";"0";"6";"45"/
/"4004439612";"Tuilerie";"2";"0";"6";"53"/
/"3320576979";"Origan";"1";"0";"5";"2"/
/"4730040212";"O";"1";"0";"5";"3"/
/"4730040217";"Obelix";"1";"0";"5";"3"/
/"4730040220";"Occitan";"1";"0";"5";"3"/
/"4730040228";"Olof";"1";"0";"5";"3"/
/"3310569590";"Orchis";"2";"0";"5";"54"/
/"3310569592";"Odite";"1";"0";"5";"54"/
/"3310569593";"Onesse";"2";"0";"5";"54"/
/"6414557934";"Obenite";"2";"0";"5";"6"/
/"2405215105";"Omer";"1";"0";"5";"458"/
/"3310565623";"Osborne";"1";"0";"5";"7"/
/"3330234160";"Oedipe";"1";"0";"5";"13"/
/"3330234173";"Ondine";"2";"0";"5";"13"/
/"3330234176";"Oligule";"2";"0";"5";"13"/
/"4730042800";"Orlof";"1";"0";"5";"460"/
/"3330233991";"Osiris";"2";"0";"5";"20"/
/"3330233992";"Ouragan";"1";"0";"5";"20"/
/"3330228829";"Obelix";"1";"0";"5";"20"/
/"3330228830";"Oreo";"1";"0";"5";"20"/
/"3330233838";"Lalanne 3838";"2";"0";"5";"21"/
/"3330233840";"Dorine 3840";"2";"0";"5";"21"/
/"3330233841";"Dorine 3841";"2";"0";"5";"21"/
/"3330233845";"Dorine 3845";"2";"0";"5";"21"/
/"3330233848";"Dorine 3848";"2";"0";"5";"21"/
/"3330233852";"Dorine 3852";"2";"0";"5";"21"/
/"4490806438";"Olivanea";"2";"0";"5";"23"/
/"6414688257";"Osanna";"2";"0";"5";"461"/
/"3330234171";"Orne";"2";"0";"5";"13"/
/"4730039523";"Oceane";"2";"0";"5";"27"/
/"4730039524";"Obelix";"1";"0";"5";"27"/
/"2405778785";"Osiris";"2";"0";"5";"438"/
/"3310564298";"Oshi";"2";"0";"5";"169"/
/"3310576466";"Oenothere";"1";"0";"5";"169"/
/"3310569591";"Ombellifere";"2";"0";"5";"169"/
/"2405220914";"Orok";"1";"0";"5";"35"/
/"4004429620";"Noelle";"2";"0";"5";"37"/
/"4004429621";"Ondee";"2";"0";"5";"37"/
/"4004429626";"9626";"1";"0";"5";"37"/
/"3320575415";"Opera";"2";"0";"5";"29"/
/"3320575426";"5426";"1";"0";"5";"29"/
/"3310575081";"Nina";"2";"0";"5";"28"/
/"3310569098";"Nestor";"1";"0";"5";"28"/
/"3310569100";"Moirode";"2";"0";"5";"28"/
/"4730031272";"Obrigado";"1";"0";"5";"40"/
/"3330228822";"Nougat";"1";"0";"5";"31"/
/"3310574387";"Onande";"2";"0";"5";"31"/
/"3310574388";"4388";"1";"0";"5";"31"/
/"3310574391";"Opaque";"2";"0";"5";"31"/
/"3310574392";"4392";"1";"0";"5";"31"/
/"3310574393";"Oceane";"2";"0";"5";"31"/
/"3310577691";"Othello";"1";"0";"5";"42"/
/"3330223137";"Odin";"1";"0";"5";"12"/
/"3330223138";"Origami";"2";"0";"5";"12"/
/"3310556873";"Oin";"1";"0";"5";"12"/
/"3330223139";"Oman";"1";"0";"5";"12"/
/"4730038170";"Ondine";"2";"0";"5";"460"/
/"4730038171";"Odette";"2";"0";"5";"460"/
/"3310574316";"Leste";"1";"0";"6";"45"/
/"3310561666";"Orthetrum";"1";"0";"6";"46"/
/"3310561667";"Orvet";"1";"0";"6";"46"/
/"3310577975";"Obsidienne";"2";"0";"6";"51"/
/"3310577976";"Oggy";"1";"0";"6";"51"/
/"4004439618";"Vanille";"2";"0";"6";"53"/
/"4004439617";"Canelle";"2";"0";"6";"53"/
/"4004439616";"9616";"1";"0";"6";"53"/
/"4004439615";"9615";"1";"0";"6";"53"/
/"4004439614";"Venus";"2";"0";"6";"53"/
/"4004439613";"Balidade";"2";"0";"6";"53"/
/"4004439611";"Abeille";"2";"0";"6";"53"/
/"4004431385";"Estantade";"2";"0";"6";"53"/
/"4004431384";"1384";"1";"0";"6";"53"/
/"0000000003";"Père Mystère (breton)";"1";"1";"5";""/
/"1111111111";"Père Poupine (limousin)";"1";"1";"5";""/
/"1111111112";"Père Nadia (limousin)";"1";"1";"5";""/
/"1111111113";"Père Laura (limousin)";"1";"1";"5";""/
/"1111111114";"Père Londine (imousin)";"1";"1";"5";""/
/"1111111115";"Père Tamise (limousin)";"1";"1";"5";""/
/"1111111116";"Père Papillon (limousin)";"1";"1";"5";""/
/"1111111117";"Père Pâquerette (limousin)";"1";"1";"5";""/
/"1111111118";"Père Ulheyre (limousin)";"1";"1";"5";""/
/"1111111119";"Père Obscur (limousin)";"1";"1";"5";""/
/"1111111120";"Père Dulcania (HS)";"1";"1";"5";""/
/"1111111121";"Père Nadege";"1";"1";"5";""/
/"1111111122";"Père Jaille (HS)";"1";"1";"5";""/
/"1111111123";"Père Maria (HS)";"1";"1";"5";""/
/"1111111124";"Père Tornado (limousin)";"1";"1";"5";""/
/"1111111125";"Père Havane (HS)";"1";"1";"5";""/
/"1111111126";"Père Prune (HS)";"1";"1";"5";""/
/"1111111127";"Père Burgala (HS)";"1";"1";"5";""/
/"1111111130";"Père Migaille (frison)";"1";"1";"5";""/
/"1111111131";"Père Helse (frison)";"1";"1";"5";""/
/"1111111140";"Père Barouse (brun)";"1";"1";"5";""/
/"2402815494";"Tornado";"1";"0";"5";""/
/"2403508886";"Nay";"1";"0";"5";""/
/"2403676177";"Ouragan";"1";"0";"5";""/
/"3310344344";"Byzance";"1";"0";"5";""/
/"3310394353";"Canaille";"1";"1";"5";""/
/"4011404363";"Père Dafa";"1";"1";"5";""/
/"3310419134";"Dence";"1";"1";"5";""/
/"3310456317";"Galon";"1";"0";"5";""/
/"3310505723";"Hector";"1";"1";"5";""/
/"3310507509";"Muguet";"1";"0";"5";""/
/"3310509705";"Julian";"1";"0";"5";""/
/"3320525172";"Isle";"1";"0";"5";""/
/"3320530430";"Iondalar";"1";"1";"5";""/
/"3340021730";"Edouard";"1";"1";"5";""/
/"3340021745";"Fitnes";"1";"0";"5";""/
/"3340024648";"Figuier";"1";"1";"5";""/
/"3340024649";"Fleche";"1";"1";"5";""/
/"3340024650";"Febus";"1";"1";"5";""/
/"3340024658";"Irvin";"1";"0";"5";""/
/"4726014255";"Hermes";"1";"0";"5";""/
/"6413023873";"Juliot";"1";"1";"5";""/
/"6414554072";"Klaxon";"1";"1";"5";""/
/"3320525171";"Helios";"1";"0";"5";""/
/"3330211281";"Liornus";"1";"1";"5";""/
/"3330211282";"Litron";"1";"1";"5";""/
/"3330216382";"Lenine";"1";"1";"5";""/
/"3340026504";"Leonidas";"1";"0";"5";""/
/"3340026506";"Lekinder";"1";"1";"5";""/
/"4747313713";"3713";"1";"1";"5";""/
/"3330207207";"7207";"1";"0";"5";""/
/"3330207206";"Janv";"1";"0";"5";""/
/"3330212718";"Leopard";"1";"1";"5";""/
/"3310339033";"Jojo";"1";"0";"5";""/
/"3310534408";"Lerin";"1";"1";"5";""/
/"4004319316";"Jupiter 4";"1";"0";"5";""/
/"3310539188";"Jacouly";"1";"0";"5";""/
/"4729001491";"Jango";"1";"0";"5";""/
/"3320537254";"Fils doublaude";"1";"1";"5";""/
/"3310536011";"Lord";"1";"1";"5";""/
/"3310536016";"Libourne";"1";"0";"5";""/
/"3310419135";"Sans nom 3";"1";"1";"5";""/
/"3340026031";"Heracles";"1";"1";"5";""/
/"3214314866";"Jupiter 3";"1";"1";"5";""/
/"3310446105";"Elliot";"1";"1";"5";""/
/"3310505722";"Hannibal";"1";"1";"5";""/
/"3320537233";"Sans nom 4";"1";"1";"5";""/
/"3320537234";"Sans nom 5";"1";"1";"5";""/
/"3330209788";"9788";"1";"1";"5";""/
/"4728007709";"Jackdaniel";"1";"1";"5";""/
/"6413023869";"Jembo";"1";"1";"5";""/
/"6413023872";"Jazzy";"1";"1";"5";""/
/"6413161368";"Garou";"1";"1";"5";""/
/"6414216121";"Sans nom 6";"1";"1";"5";""/
/"1598072986";"Okapi";"1";"1";"5";""/
/"2475007516";"Lino";"1";"1";"5";""/
/"2479040001";"Mentor (IA)";"1";"1";"5";""/
/"3251451504";"Garlin (MN)";"1";"1";"5";""/
/"3301501047";"Illustre";"1";"1";"5";""/
/"3301527107";"Papillon";"1";"1";"5";""/
/"3301549241";"Marius";"1";"0";"5";""/
/"3301575015";"Oratorio";"1";"0";"5";""/
/"3310042092";"Basquet";"1";"1";"5";""/
/"3310120448";"Arcachon";"1";"0";"5";""/
/"3310133720";"Saphir";"1";"1";"5";""/
/"3310230204";"Virgile";"1";"1";"5";""/
/"3310292296";"Bordeaux";"1";"1";"5";""/
/"3310313453";"Capsylvain";"1";"1";"5";""/
/"3310344343";"Browning";"1";"1";"5";""/
/"3310344345";"Bordelais";"1";"1";"5";""/
/"3310344349";"Coquet";"1";"1";"5";""/
/"3310419136";"Douet";"1";"1";"5";""/
/"3330067019";"Cesar";"1";"1";"5";""/
/"3330167557";"Ector";"1";"1";"5";""/
/"3340004307";"Terence";"1";"1";"5";""/
/"3340004314";"Voici";"1";"1";"5";""/
/"3340021731";"Erwan";"1";"1";"5";""/
/"3340021733";"Frelon";"1";"1";"5";""/
/"3340021746";"Fiziorn";"1";"1";"5";""/
/"3340021747";"Gascon";"1";"1";"5";""/
/"3340024652";"Gagarine";"1";"1";"5";""/
/"3340024653";"Gounine";"1";"1";"5";""/
/"4003525494";"Obscur";"1";"1";"5";""/
/"4003641251";"Père Carline/Dira (croisé)";"1";"1";"5";""/
/"4004011586";"Starsky";"1";"1";"5";""/
/"4004024901";"Typhon";"1";"1";"5";""/
/"4004072839";"Vulcain";"1";"0";"5";""/
/"4004215534";"Dyonysos";"1";"1";"5";""/
/"4006008475";"Rubis";"1";"1";"5";""/
/"4006008477";"Solo";"1";"1";"5";""/
/"4430085687";"Vainqueur";"1";"1";"5";""/
/"4444444444";"Dintor V69";"1";"1";"5";""/
/"4486049980";"Brevet Buc";"1";"1";"5";""/
/"4489040072";"Essai Clei";"1";"1";"5";""/
/"4490045167";"Fétiche Star (HS)";"1";"1";"5";""/
/"4724010910";"Eole";"1";"1";"5";""/
/"4726005047";"Garrigou";"1";"1";"5";""/
/"4747225541";"Père Hachette";"1";"1";"5";""/
/"4783012358";"Unyka";"1";"1";"5";""/
/"4787000337";"Cachin";"1";"1";"5";""/
/"5682022090";"Timon Lia";"1";"1";"5";""/
/"5689018128";"Epinal Ken";"1";"1";"5";""/
/"6411265650";"Soulor";"1";"1";"5";""/
/"6411404343";"Tresor";"1";"0";"5";""/
/"6411404363";"Uhart";"1";"0";"5";""/
/"6411437797";"Père Ector (BV)";"1";"1";"5";""/
/"6412230770";"Franciscain";"1";"1";"5";""/
/"8191001223";"Green Aero";"1";"1";"5";""/
/"3310544807";"Luchi";"1";"0";"5";""/
/"4724009514";"Lascar";"1";"0";"5";""/
/"3310549054";"Menelas";"1";"1";"5";""/
/"4730007983";"Mignon";"1";"0";"5";""/
/"6414574540";"Leo";"1";"0";"5";""/
/"3310500892";"Père Liette";"1";"0";"5";""/
/"2405453096";"Serpette";"1";"0";"5";""/
/"3310551691";"Mystere";"1";"1";"5";""/
/"3310551704";"Malouine";"1";"0";"5";""/
/"3330198649";"Muscari";"1";"0";"5";""/
/"3310551428";"Mercure";"1";"0";"5";""/
/"3310551695";"Nolan";"1";"1";"5";""/
/"3310551696";"Neptune";"1";"1";"5";""/
/"3310564296";"Nitraire";"1";"1";"5";""/
/"3310564297";"Naire";"1";"0";"5";""/
/"3310551705";"Niocchi";"1";"1";"5";""/
/"3310550277";"Nesquick (Guenon)";"1";"1";"5";""/
/"3310550278";"Nestle";"1";"1";"5";""/
/"3310550280";"Nirvana";"1";"1";"5";""/
/"3310550279";"Nevada";"1";"1";"5";""/
/"3330228881";"Nesquik (Ubeda)";"1";"0";"5";""/
/"3330228389";"Niet";"1";"1";"5";""/
/"3330228380";"Nostress";"1";"1";"5";""/
/"3310550272";"Moustik";"1";"0";"5";""/
/"3310551683";"Lenine";"1";"0";"5";""/
/"4730007232";"Marquis";"1";"0";"5";""/
/"3330222782";"Medius";"1";"0";"5";""/
/"3330222781";"Medule";"1";"0";"5";""/
/"3330222806";"Maori";"1";"1";"5";""/
/"4730015952";"Mingue";"1";"0";"5";""/
/"3310545518";"Sans nom 8";"1";"0";"5";""/
/"1275043387";"1275043387";"1";"1";"19";""/
/"1402593988";"1402593988";"1";"1";"19";""/
/"1403400851";"1403400851";"1";"1";"19";""/
/"6400000001";"6400000001";"1";"1";"19";""/
/"6400653029";"6400653029";"1";"1";"19";""/
/"6400000002";"6400000002";"1";"1";"19";""/
/"6410588121";"6410588121";"1";"1";"19";""/
/"6400000003";"6400000003";"1";"1";"19";""/
/"6403221602";"6403221602";"1";"1";"19";""/
/"6400652894";"Rozan";"1";"1";"19";""/
/"6403307504";"6403307504";"1";"1";"19";""/
/"6403407476";"6403407476";"1";"1";"19";""/
/"6403480642";"6403480642";"1";"1";"19";""/
/"6403425455";"Uruguay";"1";"1";"19";""/
/"6403469698";"Urdos";"1";"1";"19";""/
/"6403469699";"Uzos";"1";"1";"19";""/
/"6483017910";"6483017910";"1";"1";"19";""/
/"6484018330";"Varouge";"1";"1";"19";""/
/"6585000139";"6585000139";"1";"1";"19";""/
/"6485014951";"Accous";"1";"1";"19";""/
/"6403705805";"6403705805";"1";"1";"19";""/
/"6403736484";"6403736484";"1";"1";"19";""/
/"6403740981";"Courage";"1";"1";"19";""/
/"6403803786";"6403803786";"1";"1";"19";""/
/"6490016186";"6490016186";"1";"1";"19";""/
/"6403929057";"6403929057";"1";"1";"19";""/
/"5304364526";"5304364526";"1";"1";"19";""/
/"6403956821";"Helios";"1";"1";"19";""/
/"6403978756";"6403978756";"1";"1";"19";""/
/"6810690917";"6810690917";"1";"1";"19";""/
/"6404284895";"Issor";"1";"1";"19";""/
/"6201846087";"6201846087";"1";"1";"19";""/
/"3301514202";"3301514202";"1";"1";"19";""/
/"6404278785";"Jacquou";"1";"1";"19";""/
/"9894104932";"9894104932";"1";"1";"19";""/
/"6404317671";"6404317671";"1";"1";"19";""/
/"6404325950";"6404325950";"1";"1";"19";""/
/"3301515992";"3301515992";"1";"1";"19";""/
/"6404375692";"6404375692";"1";"1";"19";""/
/"5702666612";"5702666612";"1";"1";"19";""/
/"5702700400";"5702700400";"1";"1";"19";""/
/"6404457267";"6404457267";"1";"1";"19";""/
/"6404457091";"6404457091";"1";"1";"19";""/
/"6404486674";"Mercure";"1";"1";"19";""/
/"3301536467";"3301536467";"1";"1";"19";""/
/"6404457265";"6404457265";"1";"1";"19";""/
/"6404502824";"6404502824";"1";"1";"19";""/
/"2809064199";"2809064199";"1";"1";"19";""/
/"6404502825";"Nappach";"1";"1";"19";""/
/"6404526425";"6404526425";"1";"1";"19";""/
/"6404526424";"6404526424";"1";"1";"19";""/
/"2403508959";"2403508959";"1";"1";"19";""/
/"5305385689";"5305385689";"1";"1";"19";""/
/"2403508962";"2403508962";"1";"1";"19";""/
/"6404568953";"6404568953";"1";"1";"19";""/
/"6404545761";"6404545761";"1";"1";"19";""/
/"6404542760";"6404542760";"1";"1";"19";""/
/"3298098108";"3298098108";"1";"1";"19";""/
/"6404579093";"6404579093";"1";"1";"19";""/
/"6404568614";"6404568614";"1";"1";"19";""/
/"6404545760";"Oloron";"1";"1";"19";""/
/"3301575442";"3301575442";"1";"1";"19";""/
/"3301575441";"3301575441";"1";"1";"19";""/
/"6404590112";"6404590112";"1";"1";"19";""/
/"6502010433";"6502010433";"1";"1";"19";""/
/"2403491975";"2403491975";"1";"1";"19";""/
/"6411024763";"6411024763";"1";"1";"19";""/
/"6411007608";"6411007608";"1";"1";"19";""/
/"7265171232";"7265171232";"1";"1";"19";""/
/"5004329078";"5004329078";"1";"1";"19";""/
/"5004329079";"5004329079";"1";"1";"19";""/
/"6411007609";"Palet";"1";"1";"19";""/
/"6411015619";"6411015619";"1";"1";"19";""/
/"3310007537";"3310007537";"1";"1";"19";""/
/"3536839452";"3536839452";"1";"1";"19";""/
/"6411019075";"6411019075";"1";"1";"19";""/
/"6411018619";"6411018619";"1";"1";"19";""/
/"6411037759";"6411037759";"1";"1";"19";""/
/"6411018670";"6411018670";"1";"1";"19";""/
/"2442601336";"2442601336";"1";"1";"19";""/
/"2442601337";"2442601337";"1";"1";"19";""/
/"4340117973";"4340117973";"1";"1";"19";""/
/"5301101615";"5301101615";"1";"1";"19";""/
/"3310091320";"3310091320";"1";"1";"19";""/
/"6411165202";"Portalet";"1";"1";"19";""/
/"6411121842";"6411121842";"1";"1";"19";""/
/"3310007539";"3310007539";"1";"1";"19";""/
/"6411019082";"6411019082";"1";"1";"19";""/
/"6411189177";"Precilhon";"1";"1";"19";""/
/"6411018587";"6411018587";"1";"1";"19";""/
/"6411018586";"6411018586";"1";"1";"19";""/
/"2403676186";"2403676186";"1";"1";"19";""/
/"7031301773";"7031301773";"1";"1";"19";""/
/"6411189180";"6411189180";"1";"1";"19";""/
/"6411232358";"6411232358";"1";"1";"19";""/
/"6411179750";"6411179750";"1";"1";"19";""/
/"3310007540";"3310007540";"1";"1";"19";""/
/"6411189182";"6411189182";"1";"1";"19";""/
/"6411250094";"6411250094";"1";"1";"19";""/
/"6411165211";"6411165211";"1";"1";"19";""/
/"0533318946";"0533318946";"1";"1";"19";""/
/"3310007543";"3310007543";"1";"1";"19";""/
/"4747049132";"4747049132";"1";"1";"19";""/
/"5004097813";"5004097813";"1";"1";"19";""/
/"6411309923";"6411309923";"1";"1";"19";""/
/"6411351891";"6411351891";"1";"1";"19";""/
/"6411303206";"6411303206";"1";"1";"19";""/
/"6499003423";"6499003423";"1";"1";"19";""/
/"0200700975";"0200700975";"1";"1";"19";""/
/"0200700977";"0200700977";"1";"1";"19";""/
/"6411323311";"6411323311";"1";"1";"19";""/
/"6411323312";"6411323312";"1";"1";"19";""/
/"6411323313";"6411323313";"1";"1";"19";""/
/"6411351889";"6411351889";"1";"1";"19";""/
/"6411018591";"6411018591";"1";"1";"19";""/
/"6411018590";"6411018590";"1";"1";"19";""/
/"6411309929";"6411309929";"1";"1";"19";""/
/"6411250972";"6411250972";"1";"1";"19";""/
/"6411356358";"6411356358";"1";"1";"19";""/
/"6411372448";"6411372448";"1";"1";"19";""/
/"2404146734";"2404146734";"1";"1";"19";""/
/"0200264369";"0200264369";"1";"1";"19";""/
/"0200264370";"0200264370";"1";"1";"19";""/
/"6411250974";"6411250974";"1";"1";"19";""/
/"6411386516";"6411386516";"1";"1";"19";""/
/"6411303219";"6411303219";"1";"1";"19";""/
/"6411303216";"6411303216";"1";"1";"19";""/
/"6411250976";"6411250976";"1";"1";"19";""/
/"6411303218";"6411303218";"1";"1";"19";""/
/"6411384963";"6411384963";"1";"1";"19";""/
/"8526528002";"8526528002";"1";"1";"19";""/
/"6411371570";"6411371570";"1";"1";"19";""/
/"4747113041";"4747113041";"1";"1";"19";""/
/"6411322330";"Taulot";"1";"1";"19";""/
/"6411322331";"6411322331";"1";"1";"19";""/
/"6411425105";"6411425105";"1";"1";"19";""/
/"6411425106";"6411425106";"1";"1";"19";""/
/"6411381648";"6411381648";"1";"1";"19";""/
/"2236206631";"2236206631";"1";"1";"19";""/
/"8130562065";"8130562065";"1";"1";"19";""/
/"6411366589";"Tuquet";"1";"1";"19";""/
/"6411366590";"6411366590";"1";"1";"19";""/
/"3310087563";"3310087563";"1";"1";"19";""/
/"6411381650";"6411381650";"1";"1";"19";""/
/"6411355425";"6411355425";"1";"1";"19";""/
/"6411381652";"6411381652";"1";"1";"19";""/
/"6411425108";"6411425108";"1";"1";"19";""/
/"6411504072";"6411504072";"1";"1";"19";""/
/"6464158830";"6464158830";"1";"1";"19";""/
/"6411459290";"6411459290";"1";"1";"19";""/
/"6411449669";"6411449669";"1";"1";"19";""/
/"6411381655";"6411381655";"1";"1";"19";""/
/"6411512661";"6411512661";"1";"1";"19";""/
/"6411512402";"6411512402";"1";"1";"19";""/
/"6411323317";"6411323317";"1";"1";"19";""/
/"6464175306";"6464175306";"1";"1";"19";""/
/"6411467657";"6411467657";"1";"1";"19";""/
/"6411467659";"Uzein";"1";"1";"19";""/
/"2404341561";"2404341561";"1";"1";"19";""/
/"4418574811";"4418574811";"1";"1";"19";""/
/"4418574812";"4418574812";"1";"1";"19";""/
/"4418574813";"4418574813";"1";"1";"19";""/
/"6411481264";"6411481264";"1";"1";"19";""/
/"6464179125";"6464179125";"1";"1";"19";""/
/"0904032408";"0904032408";"1";"1";"19";""/
/"6411459291";"6411459291";"1";"1";"19";""/
/"6411512411";"6411512411";"1";"1";"19";""/
/"6411523776";"6411523776";"1";"1";"19";""/
/"3310231191";"3310231191";"1";"1";"19";""/
/"3310231193";"3310231193";"1";"1";"19";""/
/"6411512670";"6411512670";"1";"1";"19";""/
/"6411459293";"6411459293";"1";"1";"19";""/
/"6411553850";"6411553850";"1";"1";"19";""/
/"6411553851";"6411553851";"1";"1";"19";""/
/"6337102195";"6337102195";"1";"1";"19";""/
/"6411553853";"6411553853";"1";"1";"19";""/
/"6411576981";"6411576981";"1";"1";"19";""/
/"0905615725";"0905615725";"1";"1";"19";""/
/"6411601626";"6411601626";"1";"1";"19";""/
/"4433569381";"4433569381";"1";"1";"19";""/
/"6411512675";"6411512675";"1";"1";"19";""/
/"4430085723";"4430085723";"1";"1";"19";""/
/"6411648392";"6411648392";"1";"1";"19";""/
/"6411564672";"6411564672";"1";"1";"19";""/
/"3310262744";"3310262744";"1";"1";"19";""/
/"3310272746";"3310272746";"1";"1";"19";""/
/"3310272749";"3310272749";"1";"1";"19";""/
/"3310272750";"3310272750";"1";"1";"19";""/
/"5346992779";"5346992779";"1";"1";"19";""/
/"6411628627";"6411628627";"1";"1";"19";""/
/"6411691619";"6411691619";"1";"1";"19";""/
/"6411691620";"6411691620";"1";"1";"19";""/
/"6411691621";"6411691621";"1";"1";"19";""/
/"6411691622";"6411691622";"1";"1";"19";""/
/"6411648395";"6411648395";"1";"1";"19";""/
/"6411635895";"6411635895";"1";"1";"19";""/
/"6411635896";"6411635896";"1";"1";"19";""/
/"7265171472";"7265171472";"1";"1";"19";""/
/"6411691625";"6411691625";"1";"1";"19";""/
/"6411663204";"6411663204";"1";"1";"19";""/
/"6411672118";"6411672118";"1";"1";"19";""/
/"6411696686";"6411696686";"1";"1";"19";""/
/"7033649653";"7033649653";"1";"1";"19";""/
/"6411714787";"6411714787";"1";"1";"19";""/
/"3310272769";"3310272769";"1";"1";"19";""/
/"6411714789";"6411714789";"1";"1";"19";""/
/"6411710972";"6411710972";"1";"1";"19";""/
/"6411648400";"6411648400";"1";"1";"19";""/
/"6411672119";"6411672119";"1";"1";"19";""/
/"6411663304";"6411663304";"1";"1";"19";""/
/"2234281603";"2234281603";"1";"1";"19";""/
/"6411750810";"6411750810";"1";"1";"19";""/
/"6411648403";"6411648403";"1";"1";"19";""/
/"3310312802";"3310312802";"1";"1";"19";""/
/"7265171530";"7265171530";"1";"1";"19";""/
/"6411628621";"6411628621";"1";"1";"19";""/
/"4004077529";"4004077529";"1";"1";"19";""/
/"6411768152";"6411768152";"1";"1";"19";""/
/"6411768153";"6411768153";"1";"1";"19";""/
/"6411849798";"6411849798";"1";"1";"19";""/
/"6411768154";"6411768154";"1";"1";"19";""/
/"3310312822";"3310312822";"1";"1";"19";""/
/"6411847871";"6411847871";"1";"1";"19";""/
/"6411768160";"6411768160";"1";"1";"19";""/
/"6411762603";"6411762603";"1";"1";"19";""/
/"6411826867";"6411826867";"1";"1";"19";""/
/"3310404822";"3310404822";"1";"1";"19";""/
/"4632974042";"4632974042";"1";"1";"19";""/
/"6411763720";"6411763720";"1";"1";"19";""/
/"6411763721";"6411763721";"1";"1";"19";""/
/"6411849806";"6411849806";"1";"1";"19";""/
/"6411763722";"6411763722";"1";"1";"19";""/
/"6412016565";"6412016565";"1";"1";"19";""/
/"6412057832";"6412057832";"1";"1";"19";""/
/"6412054595";"6412054595";"1";"1";"19";""/
/"6412057833";"Capdeth";"1";"0";"19";""/
/"6412057834";"Capdeton";"1";"0";"19";""/
/"6412054598";"6412054598";"1";"1";"19";""/
/"6413617265";"6413617265";"1";"1";"19";""/
/"6412057835";"6412057835";"1";"1";"19";""/
/"6499986564";"6499986564";"1";"1";"19";""/
/"3310406071";"3310406071";"1";"1";"19";""/
/"6412082285";"6412082285";"1";"1";"19";""/
/"6411849810";"6411849810";"1";"1";"19";""/
/"6499987843";"6499987843";"1";"1";"19";""/
/"6412138283";"6412138283";"1";"1";"19";""/
/"4632974046";"4632974046";"1";"1";"19";""/
/"6412075909";"6412075909";"1";"1";"19";""/
/"6412061207";"6412061207";"1";"1";"19";""/
/"6412028419";"6412028419";"1";"1";"19";""/
/"6412103612";"6412103612";"1";"1";"19";""/
/"6412057838";"6412057838";"1";"1";"19";""/
/"6412116783";"6412116783";"1";"1";"19";""/
/"6412116785";"6412116785";"1";"1";"19";""/
/"3310406092";"3310406092";"1";"1";"19";""/
/"6411715448";"6411715448";"1";"1";"19";""/
/"6412129649";"6412129649";"1";"1";"19";""/
/"6412180722";"6412180722";"1";"1";"19";""/
/"6412129575";"6412129575";"1";"1";"19";""/
/"6412180724";"6412180724";"1";"1";"19";""/
/"6412184919";"6412184919";"1";"1";"19";""/
/"6411830390";"6411830390";"1";"1";"19";""/
/"6412113063";"6412113063";"1";"1";"19";""/
/"6412180725";"6412180725";"1";"1";"19";""/
/"6412184920";"6412184920";"1";"1";"19";""/
/"6412184921";"6412184921";"1";"1";"19";""/
/"6412258722";"6412258722";"1";"1";"19";""/
/"6412263838";"6412263838";"1";"1";"19";""/
/"3310406105";"3310406105";"1";"1";"19";""/
/"3310406107";"3310406107";"1";"1";"19";""/
/"6412202772";"6412202772";"1";"1";"19";""/
/"6412075658";"6412075658";"1";"1";"19";""/
/"3310406113";"3310406113";"1";"1";"19";""/
/"6412195750";"6412195750";"1";"1";"19";""/
/"4632974052";"4632974052";"1";"1";"19";""/
/"6412028423";"6412028423";"1";"1";"19";""/
/"6412271379";"6412271379";"1";"1";"19";""/
/"3340021961";"3340021961";"1";"1";"19";""/
/"6412293160";"6412293160";"1";"1";"19";""/
/"6412180728";"6412180728";"1";"1";"19";""/
/"6152200305";"6152200305";"1";"1";"19";""/
/"6412116788";"6412116788";"1";"1";"19";""/
/"6412808771";"6412808771";"1";"1";"19";""/
/"6412820513";"6412820513";"1";"1";"19";""/
/"6412808773";"6412808773";"1";"1";"19";""/
/"6499996910";"6499996910";"1";"1";"19";""/
/"6412264344";"6412264344";"1";"1";"19";""/
/"6412195752";"6412195752";"1";"1";"19";""/
/"6412180730";"6412180730";"1";"1";"19";""/
/"6412116792";"6412116792";"1";"1";"19";""/
/"0543807805";"0543807805";"1";"1";"19";""/
/"6412271382";"6412271382";"1";"1";"19";""/
/"3340021968";"3340021968";"1";"1";"19";""/
/"6412845377";"6412845377";"1";"1";"19";""/
/"6412237932";"6412237932";"1";"1";"19";""/
/"6412202774";"6412202774";"1";"1";"19";""/
/"6412180731";"6412180731";"1";"1";"19";""/
/"6412180732";"6412180732";"1";"1";"19";""/
/"1110056674";"1110056674";"1";"1";"19";""/
/"6412180734";"6412180734";"1";"1";"19";""/
/"3340021984";"3340021984";"1";"1";"19";""/
/"4632974058";"4632974058";"1";"1";"19";""/
/"6412845378";"6412845378";"1";"1";"19";""/
/"6412922849";"6412922849";"1";"1";"19";""/
/"6412293161";"6412293161";"1";"1";"19";""/
/"6412271387";"6412271387";"1";"1";"19";""/
/"6412930390";"6412930390";"1";"1";"19";""/
/"6412293163";"6412293163";"1";"1";"19";""/
/"6412902222";"6412902222";"1";"1";"19";""/
/"6412263840";"6412263840";"1";"1";"19";""/
/"6412195753";"6412195753";"1";"1";"19";""/
/"6412875224";"6412875224";"1";"1";"19";""/
/"6412875225";"6412875225";"1";"1";"19";""/
/"6412886284";"6412886284";"1";"1";"19";""/
/"6412929261";"6412929261";"1";"1";"19";""/
/"6412845379";"6412845379";"1";"1";"19";""/
/"6412902223";"6412902223";"1";"1";"19";""/
/"6412902224";"6412902224";"1";"1";"19";""/
/"6412951175";"6412951175";"1";"1";"19";""/
/"6412949947";"6412949947";"1";"1";"19";""/
/"6412902225";"6412902225";"1";"1";"19";""/
/"6412912545";"6412912545";"1";"1";"19";""/
/"6414010914";"6414010914";"1";"1";"19";""/
/"6412970864";"6412970864";"1";"1";"19";""/
/"6412271383";"6412271383";"1";"1";"19";""/
/"6412277549";"6412277549";"1";"1";"19";""/
/"0911224930";"0911224930";"1";"1";"19";""/
/"6414024541";"6414024541";"1";"1";"19";""/
/"6412902229";"6412902229";"1";"1";"19";""/
/"6412902230";"6412902230";"1";"1";"19";""/
/"6412902231";"6412902231";"1";"1";"19";""/
/"6414010843";"6414010843";"1";"1";"19";""/
/"6414035658";"6414035658";"1";"1";"19";""/
/"6412886281";"6412886281";"1";"1";"19";""/
/"6459006538";"6459006538";"1";"1";"19";""/
/"6414024543";"6414024543";"1";"1";"19";""/
/"3310501476";"3310501476";"1";"1";"19";""/
/"3310501477";"3310501477";"1";"1";"19";""/
/"6412856251";"6412856251";"1";"1";"19";""/
/"6412856252";"6412856252";"1";"1";"19";""/
/"6412953819";"6412953819";"1";"1";"19";""/
/"6412907795";"6412907795";"1";"1";"19";""/
/"6414053771";"6414053771";"1";"1";"19";""/
/"6412881850";"6412881850";"1";"1";"19";""/
/"6414053772";"6414053772";"1";"1";"19";""/
/"6412949949";"6412949949";"1";"1";"19";""/
/"6414068014";"6414068014";"1";"1";"19";""/
/"6414070767";"6414070767";"1";"1";"19";""/
/"6414070768";"6414070768";"1";"1";"19";""/
/"3310501504";"3310501504";"1";"1";"19";""/
/"3310501505";"3310501505";"1";"1";"19";""/
/"6414074654";"6414074654";"1";"1";"19";""/
/"3310501508";"3310501508";"1";"1";"19";""/
/"6414020658";"6414020658";"1";"1";"19";""/
/"6412882867";"6412882867";"1";"1";"19";""/
/"6413082909";"6413082909";"1";"1";"19";""/
/"3310501510";"3310501510";"1";"1";"19";""/
/"4430086107";"4430086107";"1";"1";"19";""/
/"3310501512";"3310501512";"1";"1";"19";""/
/"3310501515";"3310501515";"1";"1";"19";""/
/"6414088024";"6414088024";"1";"1";"19";""/
/"6414088025";"6414088025";"1";"1";"19";""/
/"6414035106";"6414035106";"1";"1";"19";""/
/"6414035108";"6414035108";"1";"1";"19";""/
/"6414035109";"6414035109";"1";"1";"19";""/
/"6414032784";"6414032784";"1";"1";"19";""/
/"6414064980";"6414064980";"1";"1";"19";""/
/"6414092958";"6414092958";"1";"1";"19";""/
/"6414053444";"Houndorbe";"1";"0";"19";""/
/"6414035110";"6414035110";"1";"1";"19";""/
/"6414086520";"6414086520";"1";"1";"19";""/
/"6412856547";"6412856547";"1";"1";"19";""/
/"6414034959";"6414034959";"1";"1";"19";""/
/"6412856548";"6412856548";"1";"1";"19";""/
/"6414035660";"6414035660";"1";"1";"19";""/
/"6414035661";"6414035661";"1";"1";"19";""/
/"6412293165";"Havenir";"1";"0";"19";""/
/"6414020659";"6414020659";"1";"1";"19";""/
/"6413082915";"6413082915";"1";"1";"19";""/
/"6414035112";"6414035112";"1";"1";"19";""/
/"6414035662";"6414035662";"1";"1";"19";""/
/"6414141753";"6414141753";"1";"1";"19";""/
/"6414053769";"6414053769";"1";"1";"19";""/
/"6414134866";"6414134866";"1";"1";"19";""/
/"3310524607";"3310524607";"1";"1";"19";""/
/"3213331514";"3213331514";"1";"1";"19";""/
/"6414070771";"6414070771";"1";"1";"19";""/
/"6414125295";"6414125295";"1";"1";"19";""/
/"6414086996";"6414086996";"1";"1";"19";""/
/"3310524608";"3310524608";"1";"1";"19";""/
/"3310524609";"3310524609";"1";"1";"19";""/
/"3310524612";"3310524612";"1";"1";"19";""/
/"6414165969";"6414165969";"1";"1";"19";""/
/"6414165970";"6414165970";"1";"1";"19";""/
/"6414086518";"6414086518";"1";"1";"19";""/
/"6414139443";"6414139443";"1";"1";"19";""/
/"3310524614";"3310524614";"1";"1";"19";""/
/"6414035114";"6414035114";"1";"1";"19";""/
/"6414035115";"6414035115";"1";"1";"19";""/
/"6414141755";"6414141755";"1";"1";"19";""/
/"6414119523";"6414119523";"1";"1";"19";""/
/"6414165971";"6414165971";"1";"1";"19";""/
/"6414141856";"6414141856";"1";"1";"19";""/
/"6414186243";"6414186243";"1";"1";"19";""/
/"6414125302";"Indien";"1";"0";"19";""/
/"4490806159";"4490806159";"1";"1";"19";""/
/"6414068016";"6414068016";"1";"1";"19";""/
/"6413082910";"6413082910";"1";"1";"19";""/
/"6413082911";"6413082911";"1";"1";"19";""/
/"6413383697";"6413383697";"1";"1";"19";""/
/"6414105001";"6414105001";"1";"1";"19";""/
/"6414205067";"6414205067";"1";"1";"19";""/
/"6414160953";"6414160953";"1";"1";"19";""/
/"6414131441";"6414131441";"1";"1";"19";""/
/"6413273253";"6413273253";"1";"1";"19";""/
/"6414120871";"6414120871";"1";"1";"19";""/
/"6414165973";"6414165973";"1";"1";"19";""/
/"6414099752";"6414099752";"1";"1";"19";""/
/"6414165974";"6414165974";"1";"1";"19";""/
/"6414160954";"6414160954";"1";"1";"19";""/
/"6413273256";"6413273256";"1";"1";"19";""/
/"3310501503";"3310501503";"1";"1";"19";""/
/"6413273257";"Jolh";"1";"0";"19";""/
/"6414160955";"6414160955";"1";"1";"19";""/
/"6414134867";"6414134867";"1";"1";"19";""/
/"6414035118";"6414035118";"1";"1";"19";""/
/"6413273258";"6413273258";"1";"1";"19";""/
/"6414099733";"6414099733";"1";"1";"19";""/
/"6413403453";"6413403453";"1";"1";"19";""/
/"6413353307";"6413353307";"1";"1";"19";""/
/"6413353308";"6413353308";"1";"1";"19";""/
/"6414225169";"6414225169";"1";"1";"19";""/
/"6414204698";"6414204698";"1";"1";"19";""/
/"6414204699";"6414204699";"1";"1";"19";""/
/"6414210153";"6414210153";"1";"1";"19";""/
/"3310524626";"3310524626";"1";"1";"19";""/
/"6414204700";"Joquetot";"1";"0";"19";""/
/"6414211370";"6414211370";"1";"1";"19";""/
/"6414211371";"6414211371";"1";"1";"19";""/
/"3310524630";"Jeune";"1";"0";"19";""/
/"6414172390";"6414172390";"1";"1";"19";""/
/"6414211372";"6414211372";"1";"1";"19";""/
/"6414172389";"6414172389";"1";"1";"19";""/
/"3310524635";"3310524635";"1";"1";"19";""/
/"3310524636";"Jitane";"1";"0";"19";""/
/"6414225170";"6414225170";"1";"1";"19";""/
/"3310524639";"3310524639";"1";"1";"19";""/
/"6414068017";"6414068017";"1";"1";"19";""/
/"6414204702";"6414204702";"1";"1";"19";""/
/"6414119517";"6414119517";"1";"1";"19";""/
/"6414119518";"6414119518";"1";"1";"19";""/
/"3310524638";"3310524638";"1";"1";"19";""/
/"6414168783";"6414168783";"1";"1";"19";""/
/"6414099735";"6414099735";"1";"1";"19";""/
/"6414134868";"6414134868";"1";"1";"19";""/
/"6414119530";"6414119530";"1";"1";"19";""/
/"6414119529";"Jougadou";"1";"0";"19";""/
/"6414172387";"6414172387";"1";"1";"19";""/
/"6414266084";"6414266084";"1";"1";"19";""/
/"6414205068";"6414205068";"1";"1";"19";""/
/"6413403455";"6413403455";"1";"1";"19";""/
/"6414564349";"6414564349";"1";"1";"19";""/
/"6414294706";"6414294706";"1";"1";"19";""/
/"6413383719";"6413383719";"1";"1";"19";""/
/"6413383718";"6413383718";"1";"1";"19";""/
/"6414099753";"6414099753";"1";"1";"19";""/
/"6414239067";"6414239067";"1";"1";"19";""/
/"6414272381";"6414272381";"1";"1";"19";""/
/"6413383715";"6413383715";"1";"1";"19";""/
/"6414225172";"6414225172";"1";"1";"19";""/
/"6414278928";"6414278928";"1";"1";"19";""/
/"6459024974";"6459024974";"1";"1";"19";""/
/"6414294707";"6414294707";"1";"1";"19";""/
/"6414564350";"6414564350";"1";"1";"19";""/
/"6414255745";"6414255745";"1";"1";"19";""/
/"6414594693";"6414594693";"1";"1";"19";""/
/"6414278932";"6414278932";"1";"1";"19";""/
/"6459025044";"6459025044";"1";"1";"19";""/
/"6414289899";"6414289899";"1";"1";"19";""/
/"6414204704";"6414204704";"1";"1";"19";""/
/"6414564351";"6414564351";"1";"1";"19";""/
/"6414278934";"6414278934";"1";"1";"19";""/
/"6414289816";"6414289816";"1";"1";"19";""/
/"6414267730";"6414267730";"1";"1";"19";""/
/"6414594694";"6414594694";"1";"1";"19";""/
/"6414320946";"6414320946";"1";"1";"19";""/
/"6414204706";"6414204706";"1";"1";"19";""/
/"6414204707";"6414204707";"1";"1";"19";""/
/"6414301746";"6414301746";"1";"1";"19";""/
/"6414255750";"6414255750";"1";"1";"19";""/
/"6414204708";"6414204708";"1";"1";"19";""/
/"6414326644";"6414326644";"1";"1";"19";""/
/"6414326643";"6414326643";"1";"1";"19";""/
/"6414289818";"6414289818";"1";"1";"19";""/
/"6414271757";"6414271757";"1";"1";"19";""/
/"6414271759";"6414271759";"1";"1";"19";""/
/"6414271758";"Loki";"1";"0";"19";""/
/"6414051451";"6414051451";"1";"1";"19";""/
/"6414289819";"6414289819";"1";"1";"19";""/
/"6414204709";"6414204709";"1";"1";"19";""/
/"6414289820";"6414289820";"1";"1";"19";""/
/"6414289901";"6414289901";"1";"1";"19";""/
/"6414274275";"6414274275";"1";"1";"19";""/
/"6414271756";"6414271756";"1";"1";"19";""/
/"6414204712";"6414204712";"1";"1";"19";""/
/"6414276482";"6414276482";"1";"1";"19";""/
/"6414327011";"6414327011";"1";"1";"19";""/
/"6414327012";"6414327012";"1";"1";"19";""/
/"3214330342";"Ladeveze";"1";"0";"19";""/
/"6414341576";"Luzein";"1";"1";"19";""/
/"6414289822";"6414289822";"1";"1";"19";""/
/"6414168815";"6414168815";"1";"1";"19";""/
/"6414525782";"6414525782";"1";"1";"19";""/
/"3310549890";"3310549890";"1";"1";"19";""/
/"4490806269";"4490806269";"1";"1";"19";""/
/"6414289823";"6414289823";"1";"1";"19";""/
/"6414564352";"6414564352";"1";"1";"19";""/
/"4004392046";"4004392046";"1";"1";"19";""/
/"6414333029";"6414333029";"1";"1";"19";""/
/"6459030394";"6459030394";"1";"1";"19";""/
/"6414330613";"6414330613";"1";"1";"19";""/
/"6414564353";"6414564353";"1";"1";"19";""/
/"6414355246";"6414355246";"1";"1";"19";""/
/"6414289903";"6414289903";"1";"1";"19";""/
/"6414353482";"6414353482";"1";"1";"19";""/
/"6414287726";"6414287726";"1";"1";"19";""/
/"6414355249";"6414355249";"1";"1";"19";""/
/"6414343381";"6414343381";"1";"1";"19";""/
/"6414204715";"6414204715";"1";"1";"19";""/
/"6414367548";"6414367548";"1";"1";"19";""/
/"6414564354";"6414564354";"1";"1";"19";""/
/"6414255759";"6414255759";"1";"1";"19";""/
/"6414289904";"6414289904";"1";"1";"19";""/
/"6414287747";"6414287747";"1";"1";"19";""/
/"6414287737";"6414287737";"1";"1";"19";""/
/"6414319044";"6414319044";"1";"0";"19";""/
/"6414369374";"6414369374";"1";"0";"19";""/
/"1216053634";"1216053634";"1";"0";"19";""/
/"6414381308";"6414381308";"1";"0";"19";""/
/"6414343380";"6414343380";"1";"0";"19";""/
/"6414343379";"6414343379";"1";"0";"19";""/
/"6414355243";"6414355243";"1";"0";"19";""/
/"6414381187";"6414381187";"1";"0";"19";""/
/"6459032751";"6459032751";"1";"0";"19";""/
/"6414383115";"6414383115";"1";"0";"19";""/
/"6414383116";"6414383116";"1";"0";"19";""/
/"6414326658";"6414326658";"1";"0";"19";""/
/"6414333020";"6414333020";"1";"0";"19";""/
/"6414376343";"6414376343";"1";"0";"19";""/
/"6414383117";"6414383117";"1";"0";"19";""/
/"6414296675";"6414296675";"1";"0";"19";""/
/"6414327013";"6414327013";"1";"0";"19";""/
/"6414323697";"6414323697";"1";"0";"19";""/
/"6414525791";"6414525791";"1";"0";"19";""/
/"6414318479";"6414318479";"1";"0";"19";""/
/"6414376344";"6414376344";"1";"0";"19";""/
/"6414279429";"6414279429";"1";"0";"19";""/
/"6414409829";"6414409829";"1";"0";"19";""/
/"6414625765";"6414625765";"1";"0";"19";""/
/"6414586275";"6414586275";"1";"0";"19";""/
/"6414369376";"6414369376";"1";"0";"19";""/
/"6414413897";"6414413897";"1";"0";"19";""/
/"6414410989";"6414410989";"1";"0";"19";""/
/"6414409215";"6414409215";"1";"0";"19";""/
/"6414326664";"6414326664";"1";"0";"19";""/
/"6414407701";"6414407701";"1";"0";"19";""/
/"6414383118";"6414383118";"1";"0";"19";""/
/"6414369377";"6414369377";"1";"0";"19";""/
/"6414432786";"6414432786";"1";"0";"19";""/
/"6414429030";"6414429030";"1";"0";"19";""/
/"6414447542";"6414447542";"1";"0";"19";""/
/"6414409827";"6414409827";"1";"0";"19";""/
/"6414430253";"6414430253";"1";"0";"19";""/
/"1744340298";"1744340298";"1";"0";"19";""/
/"4490806341";"4490806341";"1";"0";"19";""/
/"6414409828";"Monsur";"1";"0";"19";""/
/"6414409826";"6414409826";"1";"0";"19";""/
/"6414586271";"6414586271";"1";"0";"19";""/
/"6414255769";"6414255769";"1";"0";"19";""/
/"6414457025";"6414457025";"1";"0";"19";""/
/"6414425830";"6414425830";"1";"0";"19";""/
/"6414365854";"6414365854";"1";"0";"19";""/
/"6414376345";"6414376345";"1";"0";"19";""/
/"6414556859";"6414556859";"1";"0";"19";""/
/"6459037451";"6459037451";"1";"0";"19";""/
/"6414425831";"6414425831";"1";"0";"19";""/
/"6414459278";"6414459278";"1";"0";"19";""/
/"6414355239";"6414355239";"1";"0";"19";""/
/"6414369379";"6414369379";"1";"0";"19";""/
/"6414556656";"6414556656";"1";"0";"19";""/
/"6414556657";"6414556657";"1";"0";"19";""/
/"6414626499";"6414626499";"1";"0";"19";""/
/"6414467802";"6414467802";"1";"0";"19";""/
/"6414409825";"6414409825";"1";"0";"19";""/
/"6414626498";"6414626498";"1";"0";"19";""/
/"6414686630";"6414686630";"1";"0";"19";""/
/"4004392049";"4004392049";"1";"0";"19";""/
/"3216477976";"3216477976";"1";"0";"19";""/
/"6414440713";"6414440713";"1";"0";"19";""/
/"6414409823";"6414409823";"1";"0";"19";""/
/"6414409824";"6414409824";"1";"0";"19";""/
/"6414438758";"6414438758";"1";"0";"19";""/
/"1217104792";"1217104792";"1";"0";"19";""/
/"6414556579";"6414556579";"1";"0";"19";""/
/"6414586276";"6414586276";"1";"0";"19";""/
/"6414686632";"6414686632";"1";"0";"19";""/
/"6414403494";"6414403494";"1";"0";"19";""/
/"6414369382";"6414369382";"1";"0";"19";""/
/"6414686222";"Nans";"1";"0";"5";""/
/"4490806391";"Malaga";"1";"1";"5";""/
/"3330228389";"Niet";"1";"1";"5";""/
/"3330228882";"Nankin";"1";"0";"5";""/
/"3330228883";"Nandini";"1";"1";"5";""/
/"6414686221";"Nikos";"1";"1";"5";""/
/"3320561009";"Tite 2017";"1";"1";"5";""/
/"3330228824";"Neptune";"1";"0";"5";""/
/"3320561011";"Flageat 2017";"1";"1";"5";""/
/"4004417747";"Nimbus";"1";"0";"5";""/
/"3330229166";"Lalanne 2 2017";"1";"1";"5";""/
/"3330229168";"Lalanne 3 2017";"1";"1";"5";""/
/"3330230453";"Nestor";"1";"1";"5";""/
/"3330230452";"Noctambule";"1";"1";"5";""/
/"4004417743";"St Orens 2017";"1";"1";"5";""/
/"3320569290";"Nesquimau";"1";"1";"5";""/
/"4730028011";"Narco";"1";"0";"5";""/
/"3330228826";"Nounouille";"1";"1";"5";""/
/"3310394357";"Coquin";"1";"1";"5";""/
/"3320530427";"FR 3320530427";"1";"0";"5";""/
/"4730026630";"Neo";"1";"0";"5";""/
/"3320575410";"FR 3320575410";"1";"0";"5";""/
/"3310560243";"Narcisse";"1";"0";"5";""/
/"3310532900";"GR50";"1";"0";"5";""/
/"3310551676";"FR 3310551676";"1";"0";"5";""/
/"3310570666";"0666";"1";"0";"5";""/
/"3310536026";"FR 3310536026";"1";"0";"5";""/
/"3310549548";"FR 3310549548";"1";"0";"5";""/
/"3320561030";"FR 3320561030";"1";"1";"5";""/
/"3320561033";"Noblecoeur";"1";"1";"5";""/
/"3320575411";"FR 3320575411";"1";"0";"5";""/
/"3310536030";"6030";"1";"0";"5";""/
/"3310549546";"9546";"1";"0";"5";""/
/"3310569094";"Mister";"1";"0";"5";""/
/"3310556249";"FR 3310556249";"1";"0";"5";""/
/"6414686227";"Odini";"1";"0";"5";""/
/"6414718252";"Opium";"1";"0";"5";""/
/"6414718257";"Oscar";"1";"0";"5";""/
/"3320576979";"Origan";"1";"0";"5";""/
/"4730040212";"O";"1";"0";"5";""/
/"4730040217";"Obelix";"1";"0";"5";""/
/"4730040220";"Occitan";"1";"0";"5";""/
/"4730040228";"Olof";"1";"0";"5";""/
/"3310569592";"Odite";"1";"0";"5";""/
/"2405215105";"Omer";"1";"0";"5";""/
/"3310565623";"Osborne";"1";"0";"5";""/
/"3330234160";"Oedipe";"1";"0";"5";""/
/"4730042800";"Orlof";"1";"0";"5";""/
/"3330233992";"Ouragan";"1";"0";"5";""/
/"3330228829";"Obelix";"1";"0";"5";""/
/"3330228830";"Oreo";"1";"0";"5";""/
/"4730039524";"Obelix";"1";"0";"5";""/
/"3310576466";"Oenothere";"1";"0";"5";""/
/"2405220914";"Orok";"1";"0";"5";""/
/"4004429626";"9626";"1";"0";"5";""/
/"3320575426";"5426";"1";"0";"5";""/
/"3310569098";"Nestor";"1";"0";"5";""/
/"4730031272";"Obrigado";"1";"0";"5";""/
/"3330228822";"Nougat";"1";"0";"5";""/
/"3310574388";"4388";"1";"0";"5";""/
/"3310574392";"4392";"1";"0";"5";""/
/"3310577691";"Othello";"1";"0";"5";""/
/"3330223137";"Odin";"1";"0";"5";""/
/"3310556873";"Oin";"1";"0";"5";""/
/"3330223139";"Oman";"1";"0";"5";""/
